amsterdam,ab020c49-ba5e-4800-8000-00000000014e,2019-01-02 03:04:05.732,38.0,18.0
amsterdam,ab851eb8-51eb-4800-8000-00000000014f,2019-01-02 03:04:05.728,-62.0,-3.0
amsterdam,ac083126-e978-4800-8000-000000000150,2019-01-02 03:04:05.685,-28.0,28.0
amsterdam,ac083126-e978-4800-8000-000000000150,2019-01-02 03:04:05.757,-134.0,-53.0
amsterdam,ac8b4395-8106-4800-8000-000000000151,2019-01-02 03:04:05.771,-116.0,-13.0
amsterdam,ad0e5604-1893-4800-8000-000000000152,2019-01-02 03:04:05.774,-159.0,81.0
amsterdam,ad916872-b020-4800-8000-000000000153,2019-01-02 03:04:05.701,-13.0,65.0
amsterdam,ad916872-b020-4800-8000-000000000153,2019-01-02 03:04:05.723,42.0,-20.0
amsterdam,ad916872-b020-4800-8000-000000000153,2019-01-02 03:04:05.759,138.0,86.0
amsterdam,ad916872-b020-4800-8000-000000000153,2019-01-02 03:04:05.776,161.0,25.0
amsterdam,ae147ae1-47ae-4800-8000-000000000154,2019-01-02 03:04:05.677,-50.0,-27.0
amsterdam,ae147ae1-47ae-4800-8000-000000000154,2019-01-02 03:04:05.769,-126.0,-21.0
amsterdam,ae978d4f-df3b-4800-8000-000000000155,2019-01-02 03:04:05.743,-3.0,-64.0
amsterdam,ae978d4f-df3b-4800-8000-000000000155,2019-01-02 03:04:05.751,146.0,40.0
amsterdam,af1a9fbe-76c8-4800-8000-000000000156,2019-01-02 03:04:05.678,40.0,14.0
amsterdam,af1a9fbe-76c8-4800-8000-000000000156,2019-01-02 03:04:05.686,-118.0,-57.0
amsterdam,af9db22d-0e56-4800-8000-000000000157,2019-01-02 03:04:05.735,38.0,-49.0
amsterdam,b020c49b-a5e3-4000-8000-000000000158,2019-01-02 03:04:05.695,120.0,-68.0
amsterdam,b020c49b-a5e3-4000-8000-000000000158,2019-01-02 03:04:05.733,-119.0,43.0
amsterdam,b0a3d70a-3d70-4000-8000-000000000159,2019-01-02 03:04:05.681,-144.0,68.0
amsterdam,b126e978-d4fd-4000-8000-00000000015a,2019-01-02 03:04:05.714,168.0,38.0
amsterdam,b126e978-d4fd-4000-8000-00000000015a,2019-01-02 03:04:05.755,-148.0,64.0
amsterdam,b1a9fbe7-6c8b-4000-8000-00000000015b,2019-01-02 03:04:05.668,111.0,-49.0
amsterdam,b22d0e56-0418-4000-8000-00000000015c,2019-01-02 03:04:05.702,128.0,64.0
amsterdam,b22d0e56-0418-4000-8000-00000000015c,2019-01-02 03:04:05.760,82.0,65.0
amsterdam,b2b020c4-9ba5-4000-8000-00000000015d,2019-01-02 03:04:05.683,65.0,8.0
amsterdam,b2b020c4-9ba5-4000-8000-00000000015d,2019-01-02 03:04:05.749,-163.0,77.0
amsterdam,b2b020c4-9ba5-4000-8000-00000000015d,2019-01-02 03:04:05.777,-44.0,79.0
amsterdam,b3333333-3333-4000-8000-00000000015e,2019-01-02 03:04:05.671,162.0,49.0
amsterdam,b3333333-3333-4000-8000-00000000015e,2019-01-02 03:04:05.698,-46.0,-82.0
amsterdam,b3333333-3333-4000-8000-00000000015e,2019-01-02 03:04:05.738,-53.0,-9.0
amsterdam,b3333333-3333-4000-8000-00000000015e,2019-01-02 03:04:05.739,-4.0,-7.0
amsterdam,b3b645a1-cac0-4000-8000-00000000015f,2019-01-02 03:04:05.715,100.0,-1.0
amsterdam,b4395810-624d-4000-8000-000000000160,2019-01-02 03:04:05.673,135.0,-70.0
amsterdam,b4395810-624d-4000-8000-000000000160,2019-01-02 03:04:05.730,162.0,6.0
amsterdam,b4395810-624d-4000-8000-000000000160,2019-01-02 03:04:05.737,56.0,-81.0
amsterdam,b4bc6a7e-f9db-4000-8000-000000000161,2019-01-02 03:04:05.763,-156.0,-60.0
amsterdam,b53f7ced-9168-4000-8000-000000000162,2019-01-02 03:04:05.669,128.0,-14.0
amsterdam,b53f7ced-9168-4000-8000-000000000162,2019-01-02 03:04:05.692,7.0,30.0
amsterdam,b53f7ced-9168-4000-8000-000000000162,2019-01-02 03:04:05.747,-55.0,-81.0
amsterdam,b53f7ced-9168-4000-8000-000000000162,2019-01-02 03:04:05.752,-44.0,34.0
amsterdam,b5c28f5c-28f5-4000-8000-000000000163,2019-01-02 03:04:05.682,-90.0,-48.0
amsterdam,b5c28f5c-28f5-4000-8000-000000000163,2019-01-02 03:04:05.710,92.0,17.0
amsterdam,b5c28f5c-28f5-4000-8000-000000000163,2019-01-02 03:04:05.767,58.0,11.0
amsterdam,b6c8b439-5810-4000-8000-000000000165,2019-01-02 03:04:05.716,-56.0,26.0
amsterdam,b6c8b439-5810-4000-8000-000000000165,2019-01-02 03:04:05.750,-162.0,-87.0
amsterdam,b74bc6a7-ef9d-4000-8000-000000000166,2019-01-02 03:04:05.725,171.0,74.0
amsterdam,b74bc6a7-ef9d-4000-8000-000000000166,2019-01-02 03:04:05.740,-149.0,-10.0
amsterdam,b74bc6a7-ef9d-4000-8000-000000000166,2019-01-02 03:04:05.762,69.0,-36.0
amsterdam,b7ced916-872b-4000-8000-000000000167,2019-01-02 03:04:05.675,22.0,-5.0
amsterdam,b8d4fdf3-b645-4000-8000-000000000169,2019-01-02 03:04:05.741,99.0,76.0
amsterdam,b8d4fdf3-b645-4000-8000-000000000169,2019-01-02 03:04:05.772,-51.0,-50.0
amsterdam,b9581062-4dd2-4000-8000-00000000016a,2019-01-02 03:04:05.703,62.0,52.0
amsterdam,b9581062-4dd2-4000-8000-00000000016a,2019-01-02 03:04:05.721,-157.0,37.0
amsterdam,b9581062-4dd2-4000-8000-00000000016a,2019-01-02 03:04:05.727,-70.0,-79.0
amsterdam,b9581062-4dd2-4000-8000-00000000016a,2019-01-02 03:04:05.734,-71.0,-77.0
amsterdam,ba5e353f-7ced-4000-8000-00000000016c,2019-01-02 03:04:05.724,-9.0,-81.0
amsterdam,bae147ae-147a-4000-8000-00000000016d,2019-01-02 03:04:05.676,-94.0,-27.0
amsterdam,bae147ae-147a-4000-8000-00000000016d,2019-01-02 03:04:05.691,-145.0,88.0
amsterdam,bae147ae-147a-4000-8000-00000000016d,2019-01-02 03:04:05.712,-155.0,4.0
amsterdam,bae147ae-147a-4000-8000-00000000016d,2019-01-02 03:04:05.770,156.0,10.0
amsterdam,bb645a1c-ac08-4000-8000-00000000016e,2019-01-02 03:04:05.693,-163.0,-61.0
amsterdam,bb645a1c-ac08-4000-8000-00000000016e,2019-01-02 03:04:05.761,-71.0,65.0
amsterdam,bbe76c8b-4395-4000-8000-00000000016f,2019-01-02 03:04:05.704,32.0,71.0
amsterdam,bbe76c8b-4395-4000-8000-00000000016f,2019-01-02 03:04:05.705,-56.0,-90.0
amsterdam,bbe76c8b-4395-4000-8000-00000000016f,2019-01-02 03:04:05.709,-19.0,70.0
amsterdam,bbe76c8b-4395-4000-8000-00000000016f,2019-01-02 03:04:05.746,-45.0,45.0
amsterdam,bc6a7ef9-db22-4000-8000-000000000170,2019-01-02 03:04:05.707,78.0,-90.0
amsterdam,bc6a7ef9-db22-4000-8000-000000000170,2019-01-02 03:04:05.711,-45.0,-15.0
amsterdam,bc6a7ef9-db22-4000-8000-000000000170,2019-01-02 03:04:05.756,121.0,27.0
amsterdam,bc6a7ef9-db22-4000-8000-000000000170,2019-01-02 03:04:05.768,-60.0,16.0
amsterdam,bced9168-72b0-4000-8000-000000000171,2019-01-02 03:04:05.667,-168.0,43.0
amsterdam,bced9168-72b0-4000-8000-000000000171,2019-01-02 03:04:05.729,-160.0,-37.0
amsterdam,bd70a3d7-0a3d-4000-8000-000000000172,2019-01-02 03:04:05.679,49.0,74.0
amsterdam,bd70a3d7-0a3d-4000-8000-000000000172,2019-01-02 03:04:05.713,-21.0,67.0
amsterdam,bdf3b645-a1ca-4000-8000-000000000173,2019-01-02 03:04:05.736,-110.0,18.0
amsterdam,bdf3b645-a1ca-4000-8000-000000000173,2019-01-02 03:04:05.745,-109.0,35.0
amsterdam,be76c8b4-3958-4000-8000-000000000174,2019-01-02 03:04:05.674,-104.0,70.0
amsterdam,bf7ced91-6872-4000-8000-000000000176,2019-01-02 03:04:05.699,-119.0,-12.0
amsterdam,c0000000-0000-4000-8000-000000000177,2019-01-02 03:04:05.680,158.0,-86.0
amsterdam,c0000000-0000-4000-8000-000000000177,2019-01-02 03:04:05.718,-156.0,81.0
amsterdam,c0000000-0000-4000-8000-000000000177,2019-01-02 03:04:05.719,-95.0,43.0
amsterdam,c0000000-0000-4000-8000-000000000177,2019-01-02 03:04:05.742,-118.0,78.0
amsterdam,c0000000-0000-4000-8000-000000000177,2019-01-02 03:04:05.753,-157.0,-60.0
amsterdam,c083126e-978d-4000-8000-000000000178,2019-01-02 03:04:05.694,87.0,88.0
amsterdam,c083126e-978d-4000-8000-000000000178,2019-01-02 03:04:05.696,59.0,-88.0
amsterdam,c083126e-978d-4000-8000-000000000178,2019-01-02 03:04:05.706,-93.0,54.0
amsterdam,c083126e-978d-4000-8000-000000000178,2019-01-02 03:04:05.726,-31.0,-7.0
amsterdam,c10624dd-2f1a-4000-8000-000000000179,2019-01-02 03:04:05.717,-171.0,38.0
amsterdam,c10624dd-2f1a-4000-8000-000000000179,2019-01-02 03:04:05.722,129.0,43.0
amsterdam,c10624dd-2f1a-4000-8000-000000000179,2019-01-02 03:04:05.773,47.0,8.0
amsterdam,c189374b-c6a7-4000-8000-00000000017a,2019-01-02 03:04:05.672,-105.0,-48.0
amsterdam,c189374b-c6a7-4000-8000-00000000017a,2019-01-02 03:04:05.689,-57.0,-53.0
amsterdam,c189374b-c6a7-4000-8000-00000000017a,2019-01-02 03:04:05.690,67.0,45.0
amsterdam,c189374b-c6a7-4000-8000-00000000017a,2019-01-02 03:04:05.697,-136.0,35.0
amsterdam,c189374b-c6a7-4000-8000-00000000017a,2019-01-02 03:04:05.708,150.0,62.0
amsterdam,c20c49ba-5e35-4000-8000-00000000017b,2019-01-02 03:04:05.684,-17.0,-39.0
amsterdam,c28f5c28-f5c2-4000-8000-00000000017c,2019-01-02 03:04:05.700,114.0,-72.0
amsterdam,c28f5c28-f5c2-4000-8000-00000000017c,2019-01-02 03:04:05.764,41.0,64.0
amsterdam,c3126e97-8d4f-4000-8000-00000000017d,2019-01-02 03:04:05.731,-64.0,-59.0
amsterdam,c49ba5e3-53f7-4000-8000-000000000180,2019-01-02 03:04:05.687,141.0,55.0
amsterdam,c49ba5e3-53f7-4000-8000-000000000180,2019-01-02 03:04:05.748,-23.0,-20.0
amsterdam,c51eb851-eb85-4000-8000-000000000181,2019-01-02 03:04:05.688,128.0,-40.0
amsterdam,c5a1cac0-8312-4000-8000-000000000182,2019-01-02 03:04:05.720,167.0,-74.0
amsterdam,c5a1cac0-8312-4000-8000-000000000182,2019-01-02 03:04:05.766,-147.0,-43.0
amsterdam,c624dd2f-1a9f-4000-8000-000000000183,2019-01-02 03:04:05.670,115.0,-77.0
amsterdam,c624dd2f-1a9f-4000-8000-000000000183,2019-01-02 03:04:05.744,15.0,32.0
amsterdam,c624dd2f-1a9f-4000-8000-000000000183,2019-01-02 03:04:05.754,96.0,-42.0
amsterdam,c6a7ef9d-b22d-4000-8000-000000000184,2019-01-02 03:04:05.758,19.0,15.0
amsterdam,c6a7ef9d-b22d-4000-8000-000000000184,2019-01-02 03:04:05.765,-74.0,2.0
amsterdam,c6a7ef9d-b22d-4000-8000-000000000184,2019-01-02 03:04:05.775,75.0,56.0
boston,"1d2f1a9f-be76-4900-8000-000000000039",2019-01-02 03:04:05.164,22.0,-60.0
boston,"1d2f1a9f-be76-4900-8000-000000000039",2019-01-02 03:04:05.218,163.0,88.0
boston,"1d2f1a9f-be76-4900-8000-000000000039",2019-01-02 03:04:05.221,-170.0,-62.0
boston,"1db22d0e-5604-4900-8000-00000000003a",2019-01-02 03:04:05.167,-33.0,-25.0
boston,"1db22d0e-5604-4900-8000-00000000003a",2019-01-02 03:04:05.169,-4.0,74.0
boston,"1db22d0e-5604-4900-8000-00000000003a",2019-01-02 03:04:05.172,131.0,51.0
boston,"1db22d0e-5604-4900-8000-00000000003a",2019-01-02 03:04:05.173,79.0,0.0
boston,"1db22d0e-5604-4900-8000-00000000003a",2019-01-02 03:04:05.204,135.0,-58.0
boston,"1e353f7c-ed91-4800-8000-00000000003b",2019-01-02 03:04:05.180,-43.0,-58.0
boston,"1e353f7c-ed91-4800-8000-00000000003b",2019-01-02 03:04:05.206,134.0,50.0
boston,"1fbe76c8-b439-4800-8000-00000000003e",2019-01-02 03:04:05.201,-25.0,-81.0
boston,"20418937-4bc6-4800-8000-00000000003f",2019-01-02 03:04:05.182,95.0,-79.0
boston,"20418937-4bc6-4800-8000-00000000003f",2019-01-02 03:04:05.194,-120.0,-54.0
boston,"20418937-4bc6-4800-8000-00000000003f",2019-01-02 03:04:05.213,-127.0,-48.0
boston,"20c49ba5-e353-4800-8000-000000000040",2019-01-02 03:04:05.117,-38.0,-50.0
boston,"20c49ba5-e353-4800-8000-000000000040",2019-01-02 03:04:05.189,160.0,77.0
boston,"2147ae14-7ae1-4800-8000-000000000041",2019-01-02 03:04:05.115,-135.0,-4.0
boston,"2147ae14-7ae1-4800-8000-000000000041",2019-01-02 03:04:05.152,63.0,-51.0
boston,"2147ae14-7ae1-4800-8000-000000000041",2019-01-02 03:04:05.165,-126.0,32.0
boston,"21cac083-126e-4800-8000-000000000042",2019-01-02 03:04:05.128,2.0,-21.0
boston,"224dd2f1-a9fb-4800-8000-000000000043",2019-01-02 03:04:05.133,-145.0,-2.0
boston,"22d0e560-4189-4800-8000-000000000044",2019-01-02 03:04:05.121,81.0,-2.0
boston,"22d0e560-4189-4800-8000-000000000044",2019-01-02 03:04:05.140,29.0,34.0
boston,"2353f7ce-d916-4800-8000-000000000045",2019-01-02 03:04:05.205,176.0,30.0
boston,"23d70a3d-70a3-4800-8000-000000000046",2019-01-02 03:04:05.149,-19.0,-71.0
boston,"245a1cac-0831-4600-8000-000000000047",2019-01-02 03:04:05.126,11.0,-87.0
boston,"25604189-374b-4600-8000-000000000049",2019-01-02 03:04:05.166,-120.0,-62.0
boston,"25604189-374b-4600-8000-000000000049",2019-01-02 03:04:05.200,133.0,-9.0
boston,"25e353f7-ced9-4600-8000-00000000004a",2019-01-02 03:04:05.112,-88.0,-19.0
boston,"25e353f7-ced9-4600-8000-00000000004a",2019-01-02 03:04:05.175,176.0,-44.0
boston,"25e353f7-ced9-4600-8000-00000000004a",2019-01-02 03:04:05.209,38.0,4.0
boston,"26666666-6666-4600-8000-00000000004b",2019-01-02 03:04:05.188,-87.0,58.0
boston,"26666666-6666-4600-8000-00000000004b",2019-01-02 03:04:05.220,-11.0,-28.0
boston,"26e978d4-fdf3-4600-8000-00000000004c",2019-01-02 03:04:05.155,-13.0,-89.0
boston,"276c8b43-9581-4600-8000-00000000004d",2019-01-02 03:04:05.129,-121.0,84.0
boston,"276c8b43-9581-4600-8000-00000000004d",2019-01-02 03:04:05.134,-61.0,21.0
boston,"27ef9db2-2d0e-4600-8000-00000000004e",2019-01-02 03:04:05.191,105.0,60.0
boston,"27ef9db2-2d0e-4600-8000-00000000004e",2019-01-02 03:04:05.214,74.0,47.0
boston,"28f5c28f-5c28-4600-8000-000000000050",2019-01-02 03:04:05.150,59.0,64.0
boston,"28f5c28f-5c28-4600-8000-000000000050",2019-01-02 03:04:05.193,-123.0,-56.0
boston,"28f5c28f-5c28-4600-8000-000000000050",2019-01-02 03:04:05.198,-8.0,-45.0
boston,"2978d4fd-f3b6-4600-8000-000000000051",2019-01-02 03:04:05.222,143.0,-38.0
boston,"29fbe76c-8b43-4600-8000-000000000052",2019-01-02 03:04:05.118,46.0,-26.0
boston,"29fbe76c-8b43-4600-8000-000000000052",2019-01-02 03:04:05.127,127.0,-3.0
boston,"29fbe76c-8b43-4600-8000-000000000052",2019-01-02 03:04:05.138,155.0,-63.0
boston,"29fbe76c-8b43-4600-8000-000000000052",2019-01-02 03:04:05.196,141.0,7.0
boston,"2a7ef9db-22d0-4600-8000-000000000053",2019-01-02 03:04:05.120,76.0,-50.0
boston,"2a7ef9db-22d0-4600-8000-000000000053",2019-01-02 03:04:05.145,39.0,28.0
boston,"2a7ef9db-22d0-4600-8000-000000000053",2019-01-02 03:04:05.177,43.0,-43.0
boston,"2a7ef9db-22d0-4600-8000-000000000053",2019-01-02 03:04:05.210,-54.0,-67.0
boston,"2a7ef9db-22d0-4600-8000-000000000053",2019-01-02 03:04:05.217,67.0,75.0
boston,"2b020c49-ba5e-4600-8000-000000000054",2019-01-02 03:04:05.123,127.0,55.0
boston,"2b020c49-ba5e-4600-8000-000000000054",2019-01-02 03:04:05.148,33.0,54.0
boston,"2b020c49-ba5e-4600-8000-000000000054",2019-01-02 03:04:05.153,152.0,-78.0
boston,"2b020c49-ba5e-4600-8000-000000000054",2019-01-02 03:04:05.184,71.0,85.0
boston,"2b020c49-ba5e-4600-8000-000000000054",2019-01-02 03:04:05.190,-129.0,45.0
boston,"2b851eb8-51eb-4600-8000-000000000055",2019-01-02 03:04:05.176,-173.0,66.0
boston,"2b851eb8-51eb-4600-8000-000000000055",2019-01-02 03:04:05.215,112.0,88.0
boston,"2c083126-e978-4400-8000-000000000056",2019-01-02 03:04:05.124,54.0,-89.0
boston,"2c083126-e978-4400-8000-000000000056",2019-01-02 03:04:05.162,23.0,36.0
boston,"2c8b4395-8106-4400-8000-000000000057",2019-01-02 03:04:05.143,45.0,67.0
boston,"2c8b4395-8106-4400-8000-000000000057",2019-01-02 03:04:05.170,146.0,-57.0
boston,"2c8b4395-8106-4400-8000-000000000057",2019-01-02 03:04:05.202,-86.0,-88.0
boston,"2d0e5604-1893-4400-8000-000000000058",2019-01-02 03:04:05.192,-77.0,-74.0
boston,"2d916872-b020-4400-8000-000000000059",2019-01-02 03:04:05.135,30.0,18.0
boston,"2e147ae1-47ae-4400-8000-00000000005a",2019-01-02 03:04:05.125,-140.0,63.0
boston,"2e147ae1-47ae-4400-8000-00000000005a",2019-01-02 03:04:05.156,-87.0,-41.0
boston,"2e147ae1-47ae-4400-8000-00000000005a",2019-01-02 03:04:05.174,-75.0,-6.0
boston,"2e147ae1-47ae-4400-8000-00000000005a",2019-01-02 03:04:05.207,-60.0,70.0
boston,"2e147ae1-47ae-4400-8000-00000000005a",2019-01-02 03:04:05.211,64.0,-28.0
boston,"2e147ae1-47ae-4400-8000-00000000005a",2019-01-02 03:04:05.216,-179.0,-20.0
boston,"2e978d4f-df3b-4400-8000-00000000005b",2019-01-02 03:04:05.178,71.0,7.0
boston,"2f9db22d-0e56-4400-8000-00000000005d",2019-01-02 03:04:05.168,-178.0,21.0
boston,"2f9db22d-0e56-4400-8000-00000000005d",2019-01-02 03:04:05.171,-4.0,-45.0
boston,"3020c49b-a5e3-4400-8000-00000000005e",2019-01-02 03:04:05.154,-25.0,86.0
boston,"30a3d70a-3d70-4400-8000-00000000005f",2019-01-02 03:04:05.113,-146.0,74.0
boston,"3126e978-d4fd-4400-8000-000000000060",2019-01-02 03:04:05.122,-126.0,-33.0
boston,"3126e978-d4fd-4400-8000-000000000060",2019-01-02 03:04:05.185,101.0,78.0
boston,"31a9fbe7-6c8b-4400-8000-000000000061",2019-01-02 03:04:05.141,110.0,-85.0
boston,"31a9fbe7-6c8b-4400-8000-000000000061",2019-01-02 03:04:05.160,-131.0,87.0
boston,"31a9fbe7-6c8b-4400-8000-000000000061",2019-01-02 03:04:05.219,-66.0,-38.0
boston,"322d0e56-0418-4400-8000-000000000062",2019-01-02 03:04:05.158,-150.0,57.0
boston,"322d0e56-0418-4400-8000-000000000062",2019-01-02 03:04:05.181,-35.0,19.0
boston,"32b020c4-9ba5-4400-8000-000000000063",2019-01-02 03:04:05.119,41.0,83.0
boston,"32b020c4-9ba5-4400-8000-000000000063",2019-01-02 03:04:05.144,138.0,74.0
boston,"32b020c4-9ba5-4400-8000-000000000063",2019-01-02 03:04:05.147,-53.0,75.0
boston,"32b020c4-9ba5-4400-8000-000000000063",2019-01-02 03:04:05.161,0.0,2.0
boston,"32b020c4-9ba5-4400-8000-000000000063",2019-01-02 03:04:05.197,-58.0,41.0
boston,"32b020c4-9ba5-4400-8000-000000000063",2019-01-02 03:04:05.199,-96.0,50.0
boston,"32b020c4-9ba5-4400-8000-000000000063",2019-01-02 03:04:05.203,-72.0,-65.0
boston,"33333333-3333-4400-8000-000000000064",2019-01-02 03:04:05.116,-44.0,58.0
boston,"33333333-3333-4400-8000-000000000064",2019-01-02 03:04:05.130,49.0,18.0
boston,"33333333-3333-4400-8000-000000000064",2019-01-02 03:04:05.195,1.0,-1.0
boston,"33b645a1-cac0-4400-8000-000000000065",2019-01-02 03:04:05.131,-51.0,52.0
boston,"33b645a1-cac0-4400-8000-000000000065",2019-01-02 03:04:05.183,-61.0,-30.0
boston,"34395810-624d-4200-8000-000000000066",2019-01-02 03:04:05.114,-80.0,47.0
boston,"34395810-624d-4200-8000-000000000066",2019-01-02 03:04:05.136,-84.0,65.0
boston,"34bc6a7e-f9db-4200-8000-000000000067",2019-01-02 03:04:05.146,160.0,36.0
boston,"34bc6a7e-f9db-4200-8000-000000000067",2019-01-02 03:04:05.179,37.0,-44.0
boston,"35c28f5c-28f5-4200-8000-000000000069",2019-01-02 03:04:05.132,100.0,-33.0
boston,"35c28f5c-28f5-4200-8000-000000000069",2019-01-02 03:04:05.151,174.0,36.0
boston,"35c28f5c-28f5-4200-8000-000000000069",2019-01-02 03:04:05.187,32.0,-12.0
boston,"35c28f5c-28f5-4200-8000-000000000069",2019-01-02 03:04:05.208,113.0,-25.0
boston,"3645a1ca-c083-4200-8000-00000000006a",2019-01-02 03:04:05.142,106.0,-50.0
boston,"36c8b439-5810-4200-8000-00000000006b",2019-01-02 03:04:05.137,140.0,-87.0
boston,"374bc6a7-ef9d-4200-8000-00000000006c",2019-01-02 03:04:05.139,-124.0,-5.0
boston,"37ced916-872b-4200-8000-00000000006d",2019-01-02 03:04:05.157,59.0,16.0
boston,"37ced916-872b-4200-8000-00000000006d",2019-01-02 03:04:05.163,24.0,4.0
boston,"37ced916-872b-4200-8000-00000000006d",2019-01-02 03:04:05.212,133.0,-69.0
boston,"38d4fdf3-b645-4200-8000-00000000006f",2019-01-02 03:04:05.159,-37.0,-90.0
boston,"38d4fdf3-b645-4200-8000-00000000006f",2019-01-02 03:04:05.186,-162.0,-74.0
los angeles,"8e560418-9374-4000-8000-000000000116",2019-01-02 03:04:05.579,-91.0,75.0
los angeles,"8e560418-9374-4000-8000-000000000116",2019-01-02 03:04:05.646,-90.0,-56.0
los angeles,"8ed91687-2b02-4000-8000-000000000117",2019-01-02 03:04:05.601,-55.0,-3.0
los angeles,"8fdf3b64-5a1c-4000-8000-000000000119",2019-01-02 03:04:05.572,151.0,-89.0
los angeles,"8fdf3b64-5a1c-4000-8000-000000000119",2019-01-02 03:04:05.609,-99.0,59.0
los angeles,"8fdf3b64-5a1c-4000-8000-000000000119",2019-01-02 03:04:05.615,88.0,46.0
los angeles,"90624dd2-f1a9-4800-8000-00000000011a",2019-01-02 03:04:05.580,12.0,15.0
los angeles,"90e56041-8937-4800-8000-00000000011b",2019-01-02 03:04:05.581,141.0,61.0
los angeles,"90e56041-8937-4800-8000-00000000011b",2019-01-02 03:04:05.614,-63.0,48.0
los angeles,"90e56041-8937-4800-8000-00000000011b",2019-01-02 03:04:05.627,128.0,-6.0
los angeles,"916872b0-20c4-4800-8000-00000000011c",2019-01-02 03:04:05.611,153.0,-25.0
los angeles,"91eb851e-b851-4800-8000-00000000011d",2019-01-02 03:04:05.558,69.0,-12.0
los angeles,"926e978d-4fdf-4800-8000-00000000011e",2019-01-02 03:04:05.662,141.0,-41.0
los angeles,"92f1a9fb-e76c-4800-8000-00000000011f",2019-01-02 03:04:05.587,109.0,68.0
los angeles,"92f1a9fb-e76c-4800-8000-00000000011f",2019-01-02 03:04:05.660,-60.0,50.0
los angeles,"92f1a9fb-e76c-4800-8000-00000000011f",2019-01-02 03:04:05.665,48.0,27.0
los angeles,"9374bc6a-7ef9-4800-8000-000000000120",2019-01-02 03:04:05.610,-106.0,55.0
los angeles,"9374bc6a-7ef9-4800-8000-000000000120",2019-01-02 03:04:05.626,145.0,-41.0
los angeles,"947ae147-ae14-4800-8000-000000000122",2019-01-02 03:04:05.602,104.0,30.0
los angeles,"94fdf3b6-45a1-4800-8000-000000000123",2019-01-02 03:04:05.567,-117.0,-10.0
los angeles,"94fdf3b6-45a1-4800-8000-000000000123",2019-01-02 03:04:05.568,-46.0,-39.0
los angeles,"94fdf3b6-45a1-4800-8000-000000000123",2019-01-02 03:04:05.603,124.0,-37.0
los angeles,"94fdf3b6-45a1-4800-8000-000000000123",2019-01-02 03:04:05.658,94.0,-50.0
los angeles,"95810624-dd2f-4800-8000-000000000124",2019-01-02 03:04:05.623,-88.0,-60.0
los angeles,"95810624-dd2f-4800-8000-000000000124",2019-01-02 03:04:05.648,35.0,54.0
los angeles,"96041893-74bc-4800-8000-000000000125",2019-01-02 03:04:05.578,62.0,68.0
los angeles,"96041893-74bc-4800-8000-000000000125",2019-01-02 03:04:05.636,79.0,30.0
los angeles,"96872b02-0c49-4800-8000-000000000126",2019-01-02 03:04:05.589,164.0,-86.0
los angeles,"96872b02-0c49-4800-8000-000000000126",2019-01-02 03:04:05.647,154.0,1.0
los angeles,"96872b02-0c49-4800-8000-000000000126",2019-01-02 03:04:05.652,-34.0,1.0
los angeles,"96872b02-0c49-4800-8000-000000000126",2019-01-02 03:04:05.656,120.0,46.0
los angeles,"978d4fdf-3b64-4800-8000-000000000128",2019-01-02 03:04:05.562,-141.0,26.0
los angeles,"978d4fdf-3b64-4800-8000-000000000128",2019-01-02 03:04:05.607,-58.0,-8.0
los angeles,"9810624d-d2f1-4800-8000-000000000129",2019-01-02 03:04:05.640,-108.0,-46.0
los angeles,"989374bc-6a7e-4800-8000-00000000012a",2019-01-02 03:04:05.559,-101.0,-51.0
los angeles,"989374bc-6a7e-4800-8000-00000000012a",2019-01-02 03:04:05.637,-112.0,29.0
los angeles,"9916872b-020c-4800-8000-00000000012b",2019-01-02 03:04:05.566,113.0,46.0
los angeles,"9916872b-020c-4800-8000-00000000012b",2019-01-02 03:04:05.570,-150.0,75.0
los angeles,"9916872b-020c-4800-8000-00000000012b",2019-01-02 03:04:05.574,-34.0,18.0
los angeles,"9916872b-020c-4800-8000-00000000012b",2019-01-02 03:04:05.595,169.0,-45.0
los angeles,"9916872b-020c-4800-8000-00000000012b",2019-01-02 03:04:05.632,125.0,29.0
los angeles,"9916872b-020c-4800-8000-00000000012b",2019-01-02 03:04:05.663,-79.0,-49.0
los angeles,"99999999-9999-4800-8000-00000000012c",2019-01-02 03:04:05.621,157.0,-48.0
los angeles,"9a1cac08-3126-4800-8000-00000000012d",2019-01-02 03:04:05.635,129.0,-28.0
los angeles,"9a1cac08-3126-4800-8000-00000000012d",2019-01-02 03:04:05.653,80.0,54.0
los angeles,"9a9fbe76-c8b4-4800-8000-00000000012e",2019-01-02 03:04:05.641,-113.0,-68.0
los angeles,"9b22d0e5-6041-4800-8000-00000000012f",2019-01-02 03:04:05.655,-71.0,21.0
los angeles,"9ba5e353-f7ce-4800-8000-000000000130",2019-01-02 03:04:05.560,-111.0,-88.0
los angeles,"9ba5e353-f7ce-4800-8000-000000000130",2019-01-02 03:04:05.576,27.0,-47.0
los angeles,"9ba5e353-f7ce-4800-8000-000000000130",2019-01-02 03:04:05.634,-21.0,70.0
los angeles,"9cac0831-26e9-4800-8000-000000000132",2019-01-02 03:04:05.613,40.0,-49.0
los angeles,"9cac0831-26e9-4800-8000-000000000132",2019-01-02 03:04:05.625,51.0,-28.0
los angeles,"9cac0831-26e9-4800-8000-000000000132",2019-01-02 03:04:05.644,-50.0,-62.0
los angeles,"9cac0831-26e9-4800-8000-000000000132",2019-01-02 03:04:05.657,-154.0,64.0
los angeles,"9d2f1a9f-be76-4800-8000-000000000133",2019-01-02 03:04:05.557,8.0,-65.0
los angeles,"9d2f1a9f-be76-4800-8000-000000000133",2019-01-02 03:04:05.654,-170.0,-54.0
los angeles,"9db22d0e-5604-4800-8000-000000000134",2019-01-02 03:04:05.584,-45.0,89.0
los angeles,"9db22d0e-5604-4800-8000-000000000134",2019-01-02 03:04:05.631,121.0,-70.0
los angeles,"9db22d0e-5604-4800-8000-000000000134",2019-01-02 03:04:05.664,112.0,-26.0
los angeles,"9e353f7c-ed91-4800-8000-000000000135",2019-01-02 03:04:05.573,179.0,44.0
los angeles,"9e353f7c-ed91-4800-8000-000000000135",2019-01-02 03:04:05.588,20.0,-71.0
los angeles,"9e353f7c-ed91-4800-8000-000000000135",2019-01-02 03:04:05.639,37.0,66.0
los angeles,"9eb851eb-851e-4800-8000-000000000136",2019-01-02 03:04:05.563,-57.0,22.0
los angeles,"9eb851eb-851e-4800-8000-000000000136",2019-01-02 03:04:05.586,71.0,-12.0
los angeles,"9eb851eb-851e-4800-8000-000000000136",2019-01-02 03:04:05.606,152.0,19.0
los angeles,"9eb851eb-851e-4800-8000-000000000136",2019-01-02 03:04:05.618,138.0,-85.0
los angeles,"9eb851eb-851e-4800-8000-000000000136",2019-01-02 03:04:05.633,-119.0,36.0
los angeles,"9f3b645a-1cac-4800-8000-000000000137",2019-01-02 03:04:05.605,-103.0,-78.0
los angeles,"9fbe76c8-b439-4800-8000-000000000138",2019-01-02 03:04:05.583,50.0,3.0
los angeles,"9fbe76c8-b439-4800-8000-000000000138",2019-01-02 03:04:05.585,73.0,-28.0
los angeles,a0c49ba5-e353-4800-8000-00000000013a,2019-01-02 03:04:05.564,66.0,-57.0
los angeles,a0c49ba5-e353-4800-8000-00000000013a,2019-01-02 03:04:05.594,-179.0,-25.0
los angeles,a0c49ba5-e353-4800-8000-00000000013a,2019-01-02 03:04:05.650,118.0,-36.0
los angeles,a147ae14-7ae1-4800-8000-00000000013b,2019-01-02 03:04:05.575,-133.0,-49.0
los angeles,a1cac083-126e-4800-8000-00000000013c,2019-01-02 03:04:05.556,-151.0,-43.0
los angeles,a1cac083-126e-4800-8000-00000000013c,2019-01-02 03:04:05.561,-150.0,-54.0
los angeles,a1cac083-126e-4800-8000-00000000013c,2019-01-02 03:04:05.596,111.0,16.0
los angeles,a1cac083-126e-4800-8000-00000000013c,2019-01-02 03:04:05.598,6.0,56.0
los angeles,a1cac083-126e-4800-8000-00000000013c,2019-01-02 03:04:05.600,96.0,61.0
los angeles,a1cac083-126e-4800-8000-00000000013c,2019-01-02 03:04:05.645,120.0,-37.0
los angeles,a24dd2f1-a9fb-4800-8000-00000000013d,2019-01-02 03:04:05.608,64.0,5.0
los angeles,a2d0e560-4189-4800-8000-00000000013e,2019-01-02 03:04:05.565,5.0,-67.0
los angeles,a2d0e560-4189-4800-8000-00000000013e,2019-01-02 03:04:05.616,-129.0,-39.0
los angeles,a353f7ce-d916-4800-8000-00000000013f,2019-01-02 03:04:05.661,67.0,36.0
los angeles,a3d70a3d-70a3-4800-8000-000000000140,2019-01-02 03:04:05.638,-74.0,-23.0
los angeles,a45a1cac-0831-4800-8000-000000000141,2019-01-02 03:04:05.569,42.0,-68.0
los angeles,a45a1cac-0831-4800-8000-000000000141,2019-01-02 03:04:05.592,-70.0,74.0
los angeles,a45a1cac-0831-4800-8000-000000000141,2019-01-02 03:04:05.659,-81.0,87.0
los angeles,a45a1cac-0831-4800-8000-000000000141,2019-01-02 03:04:05.666,-84.0,6.0
los angeles,a4dd2f1a-9fbe-4800-8000-000000000142,2019-01-02 03:04:05.619,125.0,-22.0
los angeles,a5604189-374b-4800-8000-000000000143,2019-01-02 03:04:05.624,85.0,-11.0
los angeles,a5e353f7-ced9-4800-8000-000000000144,2019-01-02 03:04:05.590,41.0,12.0
los angeles,a5e353f7-ced9-4800-8000-000000000144,2019-01-02 03:04:05.620,23.0,68.0
los angeles,a5e353f7-ced9-4800-8000-000000000144,2019-01-02 03:04:05.629,2.0,78.0
los angeles,a5e353f7-ced9-4800-8000-000000000144,2019-01-02 03:04:05.642,-39.0,-34.0
los angeles,a5e353f7-ced9-4800-8000-000000000144,2019-01-02 03:04:05.651,-162.0,6.0
los angeles,a6666666-6666-4800-8000-000000000145,2019-01-02 03:04:05.628,-133.0,8.0
los angeles,a6e978d4-fdf3-4800-8000-000000000146,2019-01-02 03:04:05.604,-75.0,27.0
los angeles,a76c8b43-9581-4800-8000-000000000147,2019-01-02 03:04:05.630,-104.0,-70.0
los angeles,a7ef9db2-2d0e-4800-8000-000000000148,2019-01-02 03:04:05.571,3.0,-44.0
los angeles,a7ef9db2-2d0e-4800-8000-000000000148,2019-01-02 03:04:05.617,99.0,34.0
los angeles,a7ef9db2-2d0e-4800-8000-000000000148,2019-01-02 03:04:05.643,70.0,-61.0
los angeles,a872b020-c49b-4800-8000-000000000149,2019-01-02 03:04:05.599,-47.0,38.0
los angeles,a872b020-c49b-4800-8000-000000000149,2019-01-02 03:04:05.612,84.0,76.0
los angeles,a8f5c28f-5c28-4800-8000-00000000014a,2019-01-02 03:04:05.582,-170.0,-55.0
los angeles,a8f5c28f-5c28-4800-8000-00000000014a,2019-01-02 03:04:05.622,-38.0,-22.0
los angeles,a978d4fd-f3b6-4800-8000-00000000014b,2019-01-02 03:04:05.597,-3.0,-5.0
los angeles,a978d4fd-f3b6-4800-8000-00000000014b,2019-01-02 03:04:05.649,-94.0,-22.0
los angeles,a9fbe76c-8b43-4800-8000-00000000014c,2019-01-02 03:04:05.591,13.0,8.0
los angeles,a9fbe76c-8b43-4800-8000-00000000014c,2019-01-02 03:04:05.593,-81.0,-10.0
los angeles,aa7ef9db-22d0-4800-8000-00000000014d,2019-01-02 03:04:05.577,-74.0,46.0
new york,"00000000-0000-4000-8000-000000000000",2019-01-02 03:04:05.044,148.0,18.0
new york,"00000000-0000-4000-8000-000000000000",2019-01-02 03:04:05.074,-140.0,30.0
new york,"0083126e-978d-4fe0-8000-000000000001",2019-01-02 03:04:05.011,-32.0,-1.0
new york,"0083126e-978d-4fe0-8000-000000000001",2019-01-02 03:04:05.014,-92.0,-52.0
new york,"0083126e-978d-4fe0-8000-000000000001",2019-01-02 03:04:05.102,-171.0,10.0
new york,"0189374b-c6a7-4fa0-8000-000000000003",2019-01-02 03:04:05.041,23.0,-87.0
new york,"0189374b-c6a7-4fa0-8000-000000000003",2019-01-02 03:04:05.047,-166.0,40.0
new york,"0189374b-c6a7-4fa0-8000-000000000003",2019-01-02 03:04:05.048,1.0,74.0
new york,"0189374b-c6a7-4fa0-8000-000000000003",2019-01-02 03:04:05.096,-72.0,-26.0
new york,"028f5c28-f5c2-4f60-8000-000000000005",2019-01-02 03:04:05.063,59.0,-39.0
new york,"028f5c28-f5c2-4f60-8000-000000000005",2019-01-02 03:04:05.076,-123.0,-20.0
new york,"028f5c28-f5c2-4f60-8000-000000000005",2019-01-02 03:04:05.079,80.0,-32.0
new york,"028f5c28-f5c2-4f60-8000-000000000005",2019-01-02 03:04:05.098,38.0,29.0
new york,"03126e97-8d4f-4f40-8000-000000000006",2019-01-02 03:04:05.064,-82.0,-2.0
new york,"03126e97-8d4f-4f40-8000-000000000006",2019-01-02 03:04:05.070,10.0,49.0
new york,"03126e97-8d4f-4f40-8000-000000000006",2019-01-02 03:04:05.072,-146.0,4.0
new york,"03126e97-8d4f-4f40-8000-000000000006",2019-01-02 03:04:05.100,139.0,-80.0
new york,"03958106-24dd-4f20-8000-000000000007",2019-01-02 03:04:05.006,86.0,44.0
new york,"03958106-24dd-4f20-8000-000000000007",2019-01-02 03:04:05.010,-98.0,-83.0
new york,"03958106-24dd-4f20-8000-000000000007",2019-01-02 03:04:05.019,-81.0,84.0
new york,"03958106-24dd-4f20-8000-000000000007",2019-01-02 03:04:05.022,135.0,-10.0
new york,"03958106-24dd-4f20-8000-000000000007",2019-01-02 03:04:05.091,-167.0,-56.0
new york,"049ba5e3-53f7-4ec0-8000-000000000009",2019-01-02 03:04:05.003,-13.0,-64.0
new york,"049ba5e3-53f7-4ec0-8000-000000000009",2019-01-02 03:04:05.094,32.0,-45.0
new york,"0624dd2f-1a9f-4e80-8000-00000000000c",2019-01-02 03:04:05.037,-121.0,-18.0
new york,"0624dd2f-1a9f-4e80-8000-00000000000c",2019-01-02 03:04:05.058,87.0,-8.0
new york,"0624dd2f-1a9f-4e80-8000-00000000000c",2019-01-02 03:04:05.089,-25.0,12.0
new york,"0624dd2f-1a9f-4e80-8000-00000000000c",2019-01-02 03:04:05.092,131.0,46.0
new york,"06a7ef9d-b22d-4e40-8000-00000000000d",2019-01-02 03:04:05.027,68.0,-28.0
new york,"072b020c-49ba-4e40-8000-00000000000e",2019-01-02 03:04:05.028,138.0,81.0
new york,"072b020c-49ba-4e40-8000-00000000000e",2019-01-02 03:04:05.097,66.0,68.0
new york,"07ae147a-e147-4e00-8000-00000000000f",2019-01-02 03:04:05.057,-180.0,-15.0
new york,"07ae147a-e147-4e00-8000-00000000000f",2019-01-02 03:04:05.071,-7.0,22.0
new york,"07ae147a-e147-4e00-8000-00000000000f",2019-01-02 03:04:05.111,-89.0,79.0
new york,"083126e9-78d4-4e00-8000-000000000010",2019-01-02 03:04:05.007,-59.0,-26.0
new york,"083126e9-78d4-4e00-8000-000000000010",2019-01-02 03:04:05.103,-137.0,-86.0
new york,"08b43958-1062-4e00-8000-000000000011",2019-01-02 03:04:05.000,119.0,58.0
new york,"08b43958-1062-4e00-8000-000000000011",2019-01-02 03:04:05.036,-132.0,-17.0
new york,"09374bc6-a7ef-4d80-8000-000000000012",2019-01-02 03:04:05.055,-11.0,-12.0
new york,"09ba5e35-3f7c-4d80-8000-000000000013",2019-01-02 03:04:05.046,-130.0,-9.0
new york,"09ba5e35-3f7c-4d80-8000-000000000013",2019-01-02 03:04:05.081,-79.0,-3.0
new york,"0ac08312-6e97-4d80-8000-000000000015",2019-01-02 03:04:05.088,170.0,36.0
new york,"0b439581-0624-4d00-8000-000000000016",2019-01-02 03:04:05.039,-27.0,24.0
new york,"0b439581-0624-4d00-8000-000000000016",2019-01-02 03:04:05.107,165.0,-38.0
new york,"0bc6a7ef-9db2-4d00-8000-000000000017",2019-01-02 03:04:05.087,-170.0,-82.0
new york,"0c49ba5e-353f-4d00-8000-000000000018",2019-01-02 03:04:05.038,74.0,-28.0
new york,"0c49ba5e-353f-4d00-8000-000000000018",2019-01-02 03:04:05.068,53.0,24.0
new york,"0ccccccc-cccc-4d00-8000-000000000019",2019-01-02 03:04:05.049,82.0,-74.0
new york,"0dd2f1a9-fbe7-4c80-8000-00000000001b",2019-01-02 03:04:05.020,66.0,16.0
new york,"0dd2f1a9-fbe7-4c80-8000-00000000001b",2019-01-02 03:04:05.054,-131.0,-58.0
new york,"0dd2f1a9-fbe7-4c80-8000-00000000001b",2019-01-02 03:04:05.067,-163.0,-75.0
new york,"0e560418-9374-4c80-8000-00000000001c",2019-01-02 03:04:05.001,-9.0,-78.0
new york,"0e560418-9374-4c80-8000-00000000001c",2019-01-02 03:04:05.053,-102.0,41.0
new york,"0ed91687-2b02-4c80-8000-00000000001d",2019-01-02 03:04:05.033,101.0,-31.0
new york,"0ed91687-2b02-4c80-8000-00000000001d",2019-01-02 03:04:05.069,50.0,-50.0
new york,"0f5c28f5-c28f-4c00-8000-00000000001e",2019-01-02 03:04:05.090,-112.0,-82.0
new york,"0fdf3b64-5a1c-4c00-8000-00000000001f",2019-01-02 03:04:05.005,165.0,-39.0
new york,"10624dd2-f1a9-4c00-8000-000000000020",2019-01-02 03:04:05.026,94.0,83.0
new york,"10624dd2-f1a9-4c00-8000-000000000020",2019-01-02 03:04:05.078,36.0,-49.0
new york,"10624dd2-f1a9-4c00-8000-000000000020",2019-01-02 03:04:05.110,134.0,36.0
new york,"10e56041-8937-4c00-8000-000000000021",2019-01-02 03:04:05.012,125.0,-13.0
new york,"10e56041-8937-4c00-8000-000000000021",2019-01-02 03:04:05.023,-28.0,-51.0
new york,"10e56041-8937-4c00-8000-000000000021",2019-01-02 03:04:05.031,84.0,-65.0
new york,"116872b0-20c4-4c00-8000-000000000022",2019-01-02 03:04:05.040,175.0,52.0
new york,"116872b0-20c4-4c00-8000-000000000022",2019-01-02 03:04:05.052,94.0,-42.0
new york,"11eb851e-b851-4c00-8000-000000000023",2019-01-02 03:04:05.002,37.0,-61.0
new york,"11eb851e-b851-4c00-8000-000000000023",2019-01-02 03:04:05.004,167.0,5.0
new york,"126e978d-4fdf-4b00-8000-000000000024",2019-01-02 03:04:05.018,138.0,-88.0
new york,"12f1a9fb-e76c-4b00-8000-000000000025",2019-01-02 03:04:05.029,-89.0,-78.0
new york,"12f1a9fb-e76c-4b00-8000-000000000025",2019-01-02 03:04:05.051,58.0,68.0
new york,"12f1a9fb-e76c-4b00-8000-000000000025",2019-01-02 03:04:05.093,-84.0,47.0
new york,"12f1a9fb-e76c-4b00-8000-000000000025",2019-01-02 03:04:05.105,70.0,43.0
new york,"1374bc6a-7ef9-4b00-8000-000000000026",2019-01-02 03:04:05.034,-48.0,-33.0
new york,"13f7ced9-1687-4b00-8000-000000000027",2019-01-02 03:04:05.013,-123.0,-86.0
new york,"13f7ced9-1687-4b00-8000-000000000027",2019-01-02 03:04:05.024,-147.0,41.0
new york,"147ae147-ae14-4b00-8000-000000000028",2019-01-02 03:04:05.050,123.0,-54.0
new york,"147ae147-ae14-4b00-8000-000000000028",2019-01-02 03:04:05.073,-31.0,11.0
new york,"14fdf3b6-45a1-4b00-8000-000000000029",2019-01-02 03:04:05.030,-1.0,-35.0
new york,"14fdf3b6-45a1-4b00-8000-000000000029",2019-01-02 03:04:05.060,-178.0,19.0
new york,"14fdf3b6-45a1-4b00-8000-000000000029",2019-01-02 03:04:05.095,72.0,31.0
new york,"14fdf3b6-45a1-4b00-8000-000000000029",2019-01-02 03:04:05.108,-97.0,84.0
new york,"16041893-74bc-4a00-8000-00000000002b",2019-01-02 03:04:05.021,-58.0,-27.0
new york,"16041893-74bc-4a00-8000-00000000002b",2019-01-02 03:04:05.059,-43.0,30.0
new york,"16041893-74bc-4a00-8000-00000000002b",2019-01-02 03:04:05.062,29.0,9.0
new york,"16041893-74bc-4a00-8000-00000000002b",2019-01-02 03:04:05.077,-119.0,-62.0
new york,"16041893-74bc-4a00-8000-00000000002b",2019-01-02 03:04:05.101,-172.0,88.0
new york,"16872b02-0c49-4a00-8000-00000000002c",2019-01-02 03:04:05.099,-112.0,42.0
new york,"170a3d70-a3d7-4a00-8000-00000000002d",2019-01-02 03:04:05.016,-45.0,-62.0
new york,"170a3d70-a3d7-4a00-8000-00000000002d",2019-01-02 03:04:05.035,27.0,-57.0
new york,"170a3d70-a3d7-4a00-8000-00000000002d",2019-01-02 03:04:05.042,95.0,-88.0
new york,"170a3d70-a3d7-4a00-8000-00000000002d",2019-01-02 03:04:05.061,-35.0,-25.0
new york,"170a3d70-a3d7-4a00-8000-00000000002d",2019-01-02 03:04:05.085,176.0,-60.0
new york,"178d4fdf-3b64-4a00-8000-00000000002e",2019-01-02 03:04:05.065,-124.0,59.0
new york,"1810624d-d2f1-4a00-8000-00000000002f",2019-01-02 03:04:05.025,98.0,-59.0
new york,"1810624d-d2f1-4a00-8000-00000000002f",2019-01-02 03:04:05.104,-7.0,-4.0
new york,"189374bc-6a7e-4a00-8000-000000000030",2019-01-02 03:04:05.009,150.0,-5.0
new york,"189374bc-6a7e-4a00-8000-000000000030",2019-01-02 03:04:05.086,-16.0,87.0
new york,"1916872b-020c-4a00-8000-000000000031",2019-01-02 03:04:05.080,-57.0,-34.0
new york,"1916872b-020c-4a00-8000-000000000031",2019-01-02 03:04:05.083,69.0,-14.0
new york,"1916872b-020c-4a00-8000-000000000031",2019-01-02 03:04:05.084,-143.0,-25.0
new york,"19999999-9999-4a00-8000-000000000032",2019-01-02 03:04:05.056,52.0,-89.0
new york,"19999999-9999-4a00-8000-000000000032",2019-01-02 03:04:05.082,117.0,13.0
new york,"1a1cac08-3126-4900-8000-000000000033",2019-01-02 03:04:05.017,168.0,73.0
new york,"1a9fbe76-c8b4-4900-8000-000000000034",2019-01-02 03:04:05.008,79.0,8.0
new york,"1b22d0e5-6041-4900-8000-000000000035",2019-01-02 03:04:05.032,66.0,30.0
new york,"1b22d0e5-6041-4900-8000-000000000035",2019-01-02 03:04:05.043,144.0,28.0
new york,"1b22d0e5-6041-4900-8000-000000000035",2019-01-02 03:04:05.045,111.0,-61.0
new york,"1b22d0e5-6041-4900-8000-000000000035",2019-01-02 03:04:05.066,171.0,62.0
new york,"1b22d0e5-6041-4900-8000-000000000035",2019-01-02 03:04:05.075,40.0,73.0
new york,"1b22d0e5-6041-4900-8000-000000000035",2019-01-02 03:04:05.106,-117.0,40.0
new york,"1c28f5c2-8f5c-4900-8000-000000000037",2019-01-02 03:04:05.015,-5.0,-48.0
new york,"1c28f5c2-8f5c-4900-8000-000000000037",2019-01-02 03:04:05.109,-107.0,57.0
paris,c7ae147a-e147-4000-8000-000000000186,2019-01-02 03:04:05.778,-33.0,-63.0
paris,c7ae147a-e147-4000-8000-000000000186,2019-01-02 03:04:05.825,102.0,22.0
paris,c83126e9-78d5-4000-8000-000000000187,2019-01-02 03:04:05.807,-135.0,-58.0
paris,c83126e9-78d5-4000-8000-000000000187,2019-01-02 03:04:05.887,132.0,-37.0
paris,c8b43958-1062-4000-8000-000000000188,2019-01-02 03:04:05.827,-129.0,-8.0
paris,c9374bc6-a7ef-4000-8000-000000000189,2019-01-02 03:04:05.816,-44.0,-43.0
paris,c9374bc6-a7ef-4000-8000-000000000189,2019-01-02 03:04:05.865,-45.0,-76.0
paris,c9ba5e35-3f7c-4000-8000-00000000018a,2019-01-02 03:04:05.783,77.0,-8.0
paris,ca3d70a3-d70a-4000-8000-00000000018b,2019-01-02 03:04:05.785,78.0,-53.0
paris,ca3d70a3-d70a-4000-8000-00000000018b,2019-01-02 03:04:05.789,78.0,25.0
paris,ca3d70a3-d70a-4000-8000-00000000018b,2019-01-02 03:04:05.815,-62.0,34.0
paris,ca3d70a3-d70a-4000-8000-00000000018b,2019-01-02 03:04:05.877,-99.0,79.0
paris,cac08312-6e97-4000-8000-00000000018c,2019-01-02 03:04:05.799,-89.0,-42.0
paris,cac08312-6e97-4000-8000-00000000018c,2019-01-02 03:04:05.837,-44.0,-90.0
paris,cac08312-6e97-4000-8000-00000000018c,2019-01-02 03:04:05.840,-53.0,28.0
paris,cac08312-6e97-4000-8000-00000000018c,2019-01-02 03:04:05.878,177.0,-21.0
paris,cb439581-0624-4000-8000-00000000018d,2019-01-02 03:04:05.861,8.0,-7.0
paris,cbc6a7ef-9db2-4000-8000-00000000018e,2019-01-02 03:04:05.801,-122.0,-49.0
paris,cbc6a7ef-9db2-4000-8000-00000000018e,2019-01-02 03:04:05.802,117.0,9.0
paris,cbc6a7ef-9db2-4000-8000-00000000018e,2019-01-02 03:04:05.804,56.0,-6.0
paris,cbc6a7ef-9db2-4000-8000-00000000018e,2019-01-02 03:04:05.811,94.0,-5.0
paris,cbc6a7ef-9db2-4000-8000-00000000018e,2019-01-02 03:04:05.829,-87.0,16.0
paris,cbc6a7ef-9db2-4000-8000-00000000018e,2019-01-02 03:04:05.839,-26.0,80.0
paris,cbc6a7ef-9db2-4000-8000-00000000018e,2019-01-02 03:04:05.874,-157.0,-84.0
paris,cc49ba5e-353f-4000-8000-00000000018f,2019-01-02 03:04:05.790,3.0,-75.0
paris,cc49ba5e-353f-4000-8000-00000000018f,2019-01-02 03:04:05.868,135.0,-62.0
paris,cccccccc-cccc-4000-8000-000000000190,2019-01-02 03:04:05.814,-65.0,-46.0
paris,cccccccc-cccc-4000-8000-000000000190,2019-01-02 03:04:05.841,-25.0,18.0
paris,cccccccc-cccc-4000-8000-000000000190,2019-01-02 03:04:05.876,-148.0,-63.0
paris,cd4fdf3b-645a-4000-8000-000000000191,2019-01-02 03:04:05.818,-27.0,86.0
paris,cd4fdf3b-645a-4000-8000-000000000191,2019-01-02 03:04:05.822,42.0,-63.0
paris,cdd2f1a9-fbe7-4000-8000-000000000192,2019-01-02 03:04:05.812,23.0,-48.0
paris,cdd2f1a9-fbe7-4000-8000-000000000192,2019-01-02 03:04:05.855,123.0,-41.0
paris,cdd2f1a9-fbe7-4000-8000-000000000192,2019-01-02 03:04:05.867,42.0,77.0
paris,ce560418-9374-4000-8000-000000000193,2019-01-02 03:04:05.843,48.0,59.0
paris,ced91687-2b02-4000-8000-000000000194,2019-01-02 03:04:05.824,-108.0,-84.0
paris,ced91687-2b02-4000-8000-000000000194,2019-01-02 03:04:05.836,99.0,-36.0
paris,ced91687-2b02-4000-8000-000000000194,2019-01-02 03:04:05.881,-14.0,-86.0
paris,cf5c28f5-c28f-4000-8000-000000000195,2019-01-02 03:04:05.791,-106.0,53.0
paris,cfdf3b64-5a1c-4000-8000-000000000196,2019-01-02 03:04:05.849,81.0,43.0
paris,cfdf3b64-5a1c-4000-8000-000000000196,2019-01-02 03:04:05.856,-23.0,20.0
paris,d0624dd2-f1a9-4800-8000-000000000197,2019-01-02 03:04:05.800,-35.0,-43.0
paris,d0624dd2-f1a9-4800-8000-000000000197,2019-01-02 03:04:05.851,143.0,76.0
paris,d0624dd2-f1a9-4800-8000-000000000197,2019-01-02 03:04:05.879,-90.0,-24.0
paris,d16872b0-20c4-4800-8000-000000000199,2019-01-02 03:04:05.784,-60.0,-87.0
paris,d16872b0-20c4-4800-8000-000000000199,2019-01-02 03:04:05.826,-26.0,3.0
paris,d16872b0-20c4-4800-8000-000000000199,2019-01-02 03:04:05.830,41.0,-10.0
paris,d16872b0-20c4-4800-8000-000000000199,2019-01-02 03:04:05.831,11.0,-26.0
paris,d16872b0-20c4-4800-8000-000000000199,2019-01-02 03:04:05.863,-17.0,-62.0
paris,d16872b0-20c4-4800-8000-000000000199,2019-01-02 03:04:05.864,-90.0,-5.0
paris,d1eb851e-b851-4800-8000-00000000019a,2019-01-02 03:04:05.780,-93.0,-73.0
paris,d1eb851e-b851-4800-8000-00000000019a,2019-01-02 03:04:05.786,91.0,-8.0
paris,d1eb851e-b851-4800-8000-00000000019a,2019-01-02 03:04:05.832,-133.0,-43.0
paris,d1eb851e-b851-4800-8000-00000000019a,2019-01-02 03:04:05.853,-105.0,-80.0
paris,d26e978d-4fdf-4800-8000-00000000019b,2019-01-02 03:04:05.838,-53.0,-87.0
paris,d2f1a9fb-e76c-4800-8000-00000000019c,2019-01-02 03:04:05.845,-131.0,14.0
paris,d374bc6a-7ef9-4800-8000-00000000019d,2019-01-02 03:04:05.792,72.0,-65.0
paris,d3f7ced9-1687-4800-8000-00000000019e,2019-01-02 03:04:05.798,-146.0,22.0
paris,d3f7ced9-1687-4800-8000-00000000019e,2019-01-02 03:04:05.886,87.0,-85.0
paris,d47ae147-ae14-4800-8000-00000000019f,2019-01-02 03:04:05.834,-45.0,-6.0
paris,d47ae147-ae14-4800-8000-00000000019f,2019-01-02 03:04:05.844,-32.0,-6.0
paris,d47ae147-ae14-4800-8000-00000000019f,2019-01-02 03:04:05.859,94.0,63.0
paris,d4fdf3b6-45a1-4800-8000-0000000001a0,2019-01-02 03:04:05.875,-123.0,77.0
paris,d5810624-dd2f-4800-8000-0000000001a1,2019-01-02 03:04:05.828,113.0,-19.0
paris,d5810624-dd2f-4800-8000-0000000001a1,2019-01-02 03:04:05.857,120.0,-61.0
paris,d5810624-dd2f-4800-8000-0000000001a1,2019-01-02 03:04:05.870,29.0,71.0
paris,d6041893-74bc-4800-8000-0000000001a2,2019-01-02 03:04:05.788,179.0,-7.0
paris,d6041893-74bc-4800-8000-0000000001a2,2019-01-02 03:04:05.820,66.0,70.0
paris,d6041893-74bc-4800-8000-0000000001a2,2019-01-02 03:04:05.835,24.0,-10.0
paris,d6041893-74bc-4800-8000-0000000001a2,2019-01-02 03:04:05.883,-4.0,-23.0
paris,d6872b02-0c49-4800-8000-0000000001a3,2019-01-02 03:04:05.854,24.0,28.0
paris,d70a3d70-a3d7-4800-8000-0000000001a4,2019-01-02 03:04:05.866,-115.0,-47.0
paris,d89374bc-6a7e-4800-8000-0000000001a7,2019-01-02 03:04:05.873,-50.0,-58.0
paris,d89374bc-6a7e-4800-8000-0000000001a7,2019-01-02 03:04:05.884,-60.0,-45.0
paris,d916872b-020c-4800-8000-0000000001a8,2019-01-02 03:04:05.805,-78.0,-83.0
paris,d9999999-9999-4800-8000-0000000001a9,2019-01-02 03:04:05.779,-58.0,67.0
paris,d9999999-9999-4800-8000-0000000001a9,2019-01-02 03:04:05.781,44.0,-17.0
paris,d9999999-9999-4800-8000-0000000001a9,2019-01-02 03:04:05.819,38.0,-81.0
paris,da1cac08-3126-4800-8000-0000000001aa,2019-01-02 03:04:05.813,-38.0,-84.0
paris,da1cac08-3126-4800-8000-0000000001aa,2019-01-02 03:04:05.858,-52.0,9.0
paris,da1cac08-3126-4800-8000-0000000001aa,2019-01-02 03:04:05.872,-112.0,81.0
paris,da9fbe76-c8b4-4800-8000-0000000001ab,2019-01-02 03:04:05.803,173.0,-45.0
paris,db22d0e5-6041-4800-8000-0000000001ac,2019-01-02 03:04:05.796,62.0,-4.0
paris,db22d0e5-6041-4800-8000-0000000001ac,2019-01-02 03:04:05.847,125.0,76.0
paris,db22d0e5-6041-4800-8000-0000000001ac,2019-01-02 03:04:05.860,-108.0,-60.0
paris,dba5e353-f7ce-4800-8000-0000000001ad,2019-01-02 03:04:05.782,157.0,58.0
paris,dba5e353-f7ce-4800-8000-0000000001ad,2019-01-02 03:04:05.810,110.0,-42.0
paris,dba5e353-f7ce-4800-8000-0000000001ad,2019-01-02 03:04:05.852,54.0,-62.0
paris,dc28f5c2-8f5c-4800-8000-0000000001ae,2019-01-02 03:04:05.888,-63.0,-2.0
paris,ddb22d0e-5604-4800-8000-0000000001b1,2019-01-02 03:04:05.848,-7.0,-65.0
paris,de353f7c-ed91-4800-8000-0000000001b2,2019-01-02 03:04:05.821,136.0,43.0
paris,de353f7c-ed91-4800-8000-0000000001b2,2019-01-02 03:04:05.823,-79.0,-74.0
paris,de353f7c-ed91-4800-8000-0000000001b2,2019-01-02 03:04:05.880,38.0,20.0
paris,deb851eb-851e-4800-8000-0000000001b3,2019-01-02 03:04:05.793,-23.0,6.0
paris,deb851eb-851e-4800-8000-0000000001b3,2019-01-02 03:04:05.808,141.0,-61.0
paris,df3b645a-1cac-4800-8000-0000000001b4,2019-01-02 03:04:05.817,-176.0,-2.0
paris,df3b645a-1cac-4800-8000-0000000001b4,2019-01-02 03:04:05.869,-166.0,38.0
paris,dfbe76c8-b439-4800-8000-0000000001b5,2019-01-02 03:04:05.885,68.0,-29.0
paris,e0418937-4bc6-4800-8000-0000000001b6,2019-01-02 03:04:05.787,142.0,47.0
paris,e0c49ba5-e353-4800-8000-0000000001b7,2019-01-02 03:04:05.794,9.0,-41.0
paris,e0c49ba5-e353-4800-8000-0000000001b7,2019-01-02 03:04:05.795,-32.0,38.0
paris,e0c49ba5-e353-4800-8000-0000000001b7,2019-01-02 03:04:05.806,48.0,3.0
paris,e0c49ba5-e353-4800-8000-0000000001b7,2019-01-02 03:04:05.833,150.0,34.0
paris,e147ae14-7ae1-4800-8000-0000000001b8,2019-01-02 03:04:05.797,-77.0,-90.0
paris,e147ae14-7ae1-4800-8000-0000000001b8,2019-01-02 03:04:05.842,50.0,48.0
paris,e1cac083-126e-4800-8000-0000000001b9,2019-01-02 03:04:05.809,-152.0,-50.0
paris,e24dd2f1-a9fb-4800-8000-0000000001ba,2019-01-02 03:04:05.882,53.0,75.0
paris,e2d0e560-4189-4800-8000-0000000001bb,2019-01-02 03:04:05.846,30.0,-6.0
paris,e2d0e560-4189-4800-8000-0000000001bb,2019-01-02 03:04:05.850,-30.0,-34.0
paris,e2d0e560-4189-4800-8000-0000000001bb,2019-01-02 03:04:05.862,-127.0,39.0
paris,e353f7ce-d916-4800-8000-0000000001bc,2019-01-02 03:04:05.871,-101.0,40.0
rome,e3d70a3d-70a3-4800-8000-0000000001bd,2019-01-02 03:04:05.955,156.0,-36.0
rome,e45a1cac-0831-4800-8000-0000000001be,2019-01-02 03:04:05.909,-103.0,42.0
rome,e45a1cac-0831-4800-8000-0000000001be,2019-01-02 03:04:05.914,18.0,23.0
rome,e45a1cac-0831-4800-8000-0000000001be,2019-01-02 03:04:05.964,75.0,44.0
rome,e45a1cac-0831-4800-8000-0000000001be,2019-01-02 03:04:05.975,59.0,47.0
rome,e5604189-374b-4800-8000-0000000001c0,2019-01-02 03:04:05.932,83.0,81.0
rome,e5604189-374b-4800-8000-0000000001c0,2019-01-02 03:04:05.970,-24.0,-16.0
rome,e5e353f7-ced9-4800-8000-0000000001c1,2019-01-02 03:04:05.905,95.0,-47.0
rome,e5e353f7-ced9-4800-8000-0000000001c1,2019-01-02 03:04:05.910,81.0,48.0
rome,e5e353f7-ced9-4800-8000-0000000001c1,2019-01-02 03:04:05.981,-10.0,-48.0
rome,e5e353f7-ced9-4800-8000-0000000001c1,2019-01-02 03:04:05.988,-138.0,81.0
rome,e6e978d4-fdf3-4800-8000-0000000001c3,2019-01-02 03:04:05.947,-61.0,-86.0
rome,e6e978d4-fdf3-4800-8000-0000000001c3,2019-01-02 03:04:05.954,138.0,72.0
rome,e76c8b43-9581-4800-8000-0000000001c4,2019-01-02 03:04:05.928,-73.0,49.0
rome,e76c8b43-9581-4800-8000-0000000001c4,2019-01-02 03:04:05.946,163.0,-49.0
rome,e76c8b43-9581-4800-8000-0000000001c4,2019-01-02 03:04:05.959,-48.0,86.0
rome,e7ef9db2-2d0e-4800-8000-0000000001c5,2019-01-02 03:04:05.944,74.0,-61.0
rome,e7ef9db2-2d0e-4800-8000-0000000001c5,2019-01-02 03:04:05.969,33.0,-12.0
rome,e872b020-c49b-4800-8000-0000000001c6,2019-01-02 03:04:05.901,126.0,-88.0
rome,e872b020-c49b-4800-8000-0000000001c6,2019-01-02 03:04:05.917,45.0,19.0
rome,e872b020-c49b-4800-8000-0000000001c6,2019-01-02 03:04:05.973,15.0,42.0
rome,e8f5c28f-5c28-4800-8000-0000000001c7,2019-01-02 03:04:05.963,47.0,33.0
rome,e978d4fd-f3b6-4800-8000-0000000001c8,2019-01-02 03:04:05.936,27.0,-85.0
rome,e9fbe76c-8b43-4800-8000-0000000001c9,2019-01-02 03:04:05.894,152.0,21.0
rome,e9fbe76c-8b43-4800-8000-0000000001c9,2019-01-02 03:04:05.945,91.0,-21.0
rome,e9fbe76c-8b43-4800-8000-0000000001c9,2019-01-02 03:04:05.956,14.0,-16.0
rome,ea7ef9db-22d0-4800-8000-0000000001ca,2019-01-02 03:04:05.915,15.0,-21.0
rome,ea7ef9db-22d0-4800-8000-0000000001ca,2019-01-02 03:04:05.943,-37.0,33.0
rome,eb020c49-ba5e-4800-8000-0000000001cb,2019-01-02 03:04:05.891,-82.0,60.0
rome,eb020c49-ba5e-4800-8000-0000000001cb,2019-01-02 03:04:05.942,-76.0,8.0
rome,eb851eb8-51eb-4800-8000-0000000001cc,2019-01-02 03:04:05.933,36.0,-71.0
rome,eb851eb8-51eb-4800-8000-0000000001cc,2019-01-02 03:04:05.984,87.0,31.0
rome,ec083126-e978-4800-8000-0000000001cd,2019-01-02 03:04:05.900,-56.0,-4.0
rome,ec8b4395-8106-4800-8000-0000000001ce,2019-01-02 03:04:05.951,59.0,66.0
rome,ec8b4395-8106-4800-8000-0000000001ce,2019-01-02 03:04:05.962,61.0,58.0
rome,ec8b4395-8106-4800-8000-0000000001ce,2019-01-02 03:04:05.993,26.0,33.0
rome,ec8b4395-8106-4800-8000-0000000001ce,2019-01-02 03:04:05.999,14.0,12.0
rome,ed0e5604-1893-4800-8000-0000000001cf,2019-01-02 03:04:05.971,-149.0,23.0
rome,ed916872-b020-4800-8000-0000000001d0,2019-01-02 03:04:05.948,-99.0,19.0
rome,ed916872-b020-4800-8000-0000000001d0,2019-01-02 03:04:05.968,-130.0,63.0
rome,ee978d4f-df3b-4800-8000-0000000001d2,2019-01-02 03:04:05.925,48.0,-87.0
rome,ef1a9fbe-76c8-4800-8000-0000000001d3,2019-01-02 03:04:05.893,-109.0,61.0
rome,ef1a9fbe-76c8-4800-8000-0000000001d3,2019-01-02 03:04:05.950,-143.0,66.0
rome,ef1a9fbe-76c8-4800-8000-0000000001d3,2019-01-02 03:04:05.991,76.0,75.0
rome,ef1a9fbe-76c8-4800-8000-0000000001d3,2019-01-02 03:04:05.992,-93.0,30.0
rome,ef9db22d-0e56-4800-8000-0000000001d4,2019-01-02 03:04:05.979,-84.0,4.0
rome,ef9db22d-0e56-4800-8000-0000000001d4,2019-01-02 03:04:05.990,84.0,21.0
rome,ef9db22d-0e56-4800-8000-0000000001d4,2019-01-02 03:04:05.995,154.0,-54.0
rome,f126e978-d4fd-4000-8000-0000000001d7,2019-01-02 03:04:05.974,-150.0,79.0
rome,f1a9fbe7-6c8b-4000-8000-0000000001d8,2019-01-02 03:04:05.890,117.0,-38.0
rome,f1a9fbe7-6c8b-4000-8000-0000000001d8,2019-01-02 03:04:05.923,-130.0,-10.0
rome,f1a9fbe7-6c8b-4000-8000-0000000001d8,2019-01-02 03:04:05.931,-70.0,25.0
rome,f22d0e56-0418-4000-8000-0000000001d9,2019-01-02 03:04:05.895,-44.0,-13.0
rome,f22d0e56-0418-4000-8000-0000000001d9,2019-01-02 03:04:05.935,-42.0,-15.0
rome,f22d0e56-0418-4000-8000-0000000001d9,2019-01-02 03:04:05.980,-85.0,-88.0
rome,f2b020c4-9ba5-4000-8000-0000000001da,2019-01-02 03:04:05.960,-170.0,86.0
rome,f3333333-3333-4000-8000-0000000001db,2019-01-02 03:04:05.906,102.0,86.0
rome,f3333333-3333-4000-8000-0000000001db,2019-01-02 03:04:05.987,-148.0,81.0
rome,f3b645a1-cac0-4000-8000-0000000001dc,2019-01-02 03:04:05.902,-61.0,-19.0
rome,f3b645a1-cac0-4000-8000-0000000001dc,2019-01-02 03:04:05.953,104.0,59.0
rome,f4395810-624d-4000-8000-0000000001dd,2019-01-02 03:04:05.938,165.0,-72.0
rome,f4bc6a7e-f9db-4000-8000-0000000001de,2019-01-02 03:04:05.892,38.0,-80.0
rome,f4bc6a7e-f9db-4000-8000-0000000001de,2019-01-02 03:04:05.919,106.0,-34.0
rome,f4bc6a7e-f9db-4000-8000-0000000001de,2019-01-02 03:04:05.978,-103.0,49.0
rome,f4bc6a7e-f9db-4000-8000-0000000001de,2019-01-02 03:04:05.983,-39.0,-4.0
rome,f4bc6a7e-f9db-4000-8000-0000000001de,2019-01-02 03:04:05.998,80.0,81.0
rome,f53f7ced-9168-4000-8000-0000000001df,2019-01-02 03:04:05.941,-124.0,-27.0
rome,f53f7ced-9168-4000-8000-0000000001df,2019-01-02 03:04:05.972,127.0,28.0
rome,f5c28f5c-28f5-4000-8000-0000000001e0,2019-01-02 03:04:05.903,-24.0,-34.0
rome,f645a1ca-c083-4000-8000-0000000001e1,2019-01-02 03:04:05.918,12.0,30.0
rome,f645a1ca-c083-4000-8000-0000000001e1,2019-01-02 03:04:05.922,-57.0,40.0
rome,f645a1ca-c083-4000-8000-0000000001e1,2019-01-02 03:04:05.949,172.0,10.0
rome,f6c8b439-5810-4000-8000-0000000001e2,2019-01-02 03:04:05.966,9.0,30.0
rome,f7ced916-872b-4000-8000-0000000001e4,2019-01-02 03:04:05.896,-139.0,22.0
rome,f7ced916-872b-4000-8000-0000000001e4,2019-01-02 03:04:05.898,2.0,72.0
rome,f7ced916-872b-4000-8000-0000000001e4,2019-01-02 03:04:05.927,162.0,-12.0
rome,f851eb85-1eb8-4000-8000-0000000001e5,2019-01-02 03:04:05.961,178.0,-62.0
rome,f851eb85-1eb8-4000-8000-0000000001e5,2019-01-02 03:04:05.965,-22.0,45.0
rome,f851eb85-1eb8-4000-8000-0000000001e5,2019-01-02 03:04:05.997,-61.0,62.0
rome,f8d4fdf3-b645-4000-8000-0000000001e6,2019-01-02 03:04:05.920,155.0,-29.0
rome,f8d4fdf3-b645-4000-8000-0000000001e6,2019-01-02 03:04:05.921,-121.0,-14.0
rome,f8d4fdf3-b645-4000-8000-0000000001e6,2019-01-02 03:04:05.926,-122.0,-13.0
rome,f8d4fdf3-b645-4000-8000-0000000001e6,2019-01-02 03:04:05.930,28.0,-80.0
rome,f8d4fdf3-b645-4000-8000-0000000001e6,2019-01-02 03:04:05.937,-122.0,-11.0
rome,f8d4fdf3-b645-4000-8000-0000000001e6,2019-01-02 03:04:05.952,135.0,20.0
rome,f9581062-4dd2-4000-8000-0000000001e7,2019-01-02 03:04:05.989,-161.0,-24.0
rome,f9db22d0-e560-4000-8000-0000000001e8,2019-01-02 03:04:05.911,-95.0,83.0
rome,fa5e353f-7ced-4000-8000-0000000001e9,2019-01-02 03:04:05.889,91.0,16.0
rome,fa5e353f-7ced-4000-8000-0000000001e9,2019-01-02 03:04:05.899,87.0,-56.0
rome,fa5e353f-7ced-4000-8000-0000000001e9,2019-01-02 03:04:05.934,-100.0,63.0
rome,fa5e353f-7ced-4000-8000-0000000001e9,2019-01-02 03:04:05.967,-66.0,-54.0
rome,fae147ae-147a-4000-8000-0000000001ea,2019-01-02 03:04:05.940,92.0,22.0
rome,fae147ae-147a-4000-8000-0000000001ea,2019-01-02 03:04:05.985,48.0,52.0
rome,fb645a1c-ac08-4000-8000-0000000001eb,2019-01-02 03:04:05.904,44.0,-23.0
rome,fb645a1c-ac08-4000-8000-0000000001eb,2019-01-02 03:04:05.929,-157.0,-50.0
rome,fbe76c8b-4395-4000-8000-0000000001ec,2019-01-02 03:04:05.957,-88.0,72.0
rome,fbe76c8b-4395-4000-8000-0000000001ec,2019-01-02 03:04:05.958,-88.0,-49.0
rome,fbe76c8b-4395-4000-8000-0000000001ec,2019-01-02 03:04:05.982,-103.0,57.0
rome,fbe76c8b-4395-4000-8000-0000000001ec,2019-01-02 03:04:05.994,-21.0,69.0
rome,fc6a7ef9-db22-4000-8000-0000000001ed,2019-01-02 03:04:05.908,-49.0,11.0
rome,fc6a7ef9-db22-4000-8000-0000000001ed,2019-01-02 03:04:05.912,-44.0,43.0
rome,fc6a7ef9-db22-4000-8000-0000000001ed,2019-01-02 03:04:05.939,134.0,6.0
rome,fced9168-72b0-4000-8000-0000000001ee,2019-01-02 03:04:05.977,25.0,62.0
rome,fd70a3d7-0a3d-4000-8000-0000000001ef,2019-01-02 03:04:05.897,-96.0,33.0
rome,fd70a3d7-0a3d-4000-8000-0000000001ef,2019-01-02 03:04:05.907,-67.0,-8.0
rome,fdf3b645-a1ca-4000-8000-0000000001f0,2019-01-02 03:04:05.996,-165.0,62.0
rome,fe76c8b4-3958-4000-8000-0000000001f1,2019-01-02 03:04:05.924,46.0,-48.0
rome,fe76c8b4-3958-4000-8000-0000000001f1,2019-01-02 03:04:05.976,-100.0,0.0
rome,ff7ced91-6872-4000-8000-0000000001f3,2019-01-02 03:04:05.913,-63.0,42.0
rome,ff7ced91-6872-4000-8000-0000000001f3,2019-01-02 03:04:05.916,-109.0,25.0
rome,ff7ced91-6872-4000-8000-0000000001f3,2019-01-02 03:04:05.986,-141.0,82.0
san francisco,"72b020c4-9ba5-4400-8000-0000000000e0",2019-01-02 03:04:05.548,68.0,72.0
san francisco,"73b645a1-cac0-4400-8000-0000000000e2",2019-01-02 03:04:05.446,-165.0,56.0
san francisco,"73b645a1-cac0-4400-8000-0000000000e2",2019-01-02 03:04:05.550,29.0,-17.0
san francisco,"74395810-624d-4400-8000-0000000000e3",2019-01-02 03:04:05.484,27.0,75.0
san francisco,"74bc6a7e-f9db-4400-8000-0000000000e4",2019-01-02 03:04:05.489,-175.0,-60.0
san francisco,"74bc6a7e-f9db-4400-8000-0000000000e4",2019-01-02 03:04:05.533,108.0,32.0
san francisco,"74bc6a7e-f9db-4400-8000-0000000000e4",2019-01-02 03:04:05.542,-55.0,87.0
san francisco,"753f7ced-9168-4400-8000-0000000000e5",2019-01-02 03:04:05.541,25.0,-40.0
san francisco,"75c28f5c-28f5-4400-8000-0000000000e6",2019-01-02 03:04:05.487,79.0,-20.0
san francisco,"75c28f5c-28f5-4400-8000-0000000000e6",2019-01-02 03:04:05.498,-101.0,23.0
san francisco,"75c28f5c-28f5-4400-8000-0000000000e6",2019-01-02 03:04:05.545,65.0,38.0
san francisco,"76c8b439-5810-4400-8000-0000000000e8",2019-01-02 03:04:05.450,-149.0,-18.0
san francisco,"76c8b439-5810-4400-8000-0000000000e8",2019-01-02 03:04:05.516,96.0,16.0
san francisco,"76c8b439-5810-4400-8000-0000000000e8",2019-01-02 03:04:05.555,134.0,88.0
san francisco,"774bc6a7-ef9d-4400-8000-0000000000e9",2019-01-02 03:04:05.457,-51.0,-30.0
san francisco,"774bc6a7-ef9d-4400-8000-0000000000e9",2019-01-02 03:04:05.460,-55.0,44.0
san francisco,"774bc6a7-ef9d-4400-8000-0000000000e9",2019-01-02 03:04:05.486,91.0,-86.0
san francisco,"774bc6a7-ef9d-4400-8000-0000000000e9",2019-01-02 03:04:05.529,-169.0,-33.0
san francisco,"77ced916-872b-4400-8000-0000000000ea",2019-01-02 03:04:05.473,-88.0,-44.0
san francisco,"77ced916-872b-4400-8000-0000000000ea",2019-01-02 03:04:05.520,-88.0,43.0
san francisco,"77ced916-872b-4400-8000-0000000000ea",2019-01-02 03:04:05.523,43.0,-40.0
san francisco,"7851eb85-1eb8-4000-8000-0000000000eb",2019-01-02 03:04:05.485,-32.0,30.0
san francisco,"7851eb85-1eb8-4000-8000-0000000000eb",2019-01-02 03:04:05.502,95.0,-42.0
san francisco,"7851eb85-1eb8-4000-8000-0000000000eb",2019-01-02 03:04:05.507,-165.0,25.0
san francisco,"7851eb85-1eb8-4000-8000-0000000000eb",2019-01-02 03:04:05.553,-11.0,-6.0
san francisco,"78d4fdf3-b645-4000-8000-0000000000ec",2019-01-02 03:04:05.452,-174.0,-56.0
san francisco,"79581062-4dd2-4000-8000-0000000000ed",2019-01-02 03:04:05.453,105.0,40.0
san francisco,"79581062-4dd2-4000-8000-0000000000ed",2019-01-02 03:04:05.458,-118.0,-21.0
san francisco,"79581062-4dd2-4000-8000-0000000000ed",2019-01-02 03:04:05.510,147.0,-56.0
san francisco,"79581062-4dd2-4000-8000-0000000000ed",2019-01-02 03:04:05.524,142.0,-30.0
san francisco,"79db22d0-e560-4000-8000-0000000000ee",2019-01-02 03:04:05.482,-27.0,83.0
san francisco,"79db22d0-e560-4000-8000-0000000000ee",2019-01-02 03:04:05.519,1.0,19.0
san francisco,"79db22d0-e560-4000-8000-0000000000ee",2019-01-02 03:04:05.528,-66.0,18.0
san francisco,"79db22d0-e560-4000-8000-0000000000ee",2019-01-02 03:04:05.544,-163.0,20.0
san francisco,"7a5e353f-7ced-4000-8000-0000000000ef",2019-01-02 03:04:05.462,175.0,-5.0
san francisco,"7a5e353f-7ced-4000-8000-0000000000ef",2019-01-02 03:04:05.504,-6.0,-65.0
san francisco,"7a5e353f-7ced-4000-8000-0000000000ef",2019-01-02 03:04:05.521,45.0,-84.0
san francisco,"7a5e353f-7ced-4000-8000-0000000000ef",2019-01-02 03:04:05.522,-3.0,74.0
san francisco,"7a5e353f-7ced-4000-8000-0000000000ef",2019-01-02 03:04:05.532,121.0,35.0
san francisco,"7a5e353f-7ced-4000-8000-0000000000ef",2019-01-02 03:04:05.554,107.0,-23.0
san francisco,"7ae147ae-147a-4000-8000-0000000000f0",2019-01-02 03:04:05.468,24.0,78.0
san francisco,"7ae147ae-147a-4000-8000-0000000000f0",2019-01-02 03:04:05.479,174.0,21.0
san francisco,"7ae147ae-147a-4000-8000-0000000000f0",2019-01-02 03:04:05.514,-159.0,-29.0
san francisco,"7ae147ae-147a-4000-8000-0000000000f0",2019-01-02 03:04:05.517,-60.0,-84.0
san francisco,"7b645a1c-ac08-4000-8000-0000000000f1",2019-01-02 03:04:05.459,-74.0,0.0
san francisco,"7b645a1c-ac08-4000-8000-0000000000f1",2019-01-02 03:04:05.511,-21.0,-62.0
san francisco,"7be76c8b-4395-4000-8000-0000000000f2",2019-01-02 03:04:05.445,75.0,69.0
san francisco,"7be76c8b-4395-4000-8000-0000000000f2",2019-01-02 03:04:05.547,-149.0,-16.0
san francisco,"7c6a7ef9-db22-4000-8000-0000000000f3",2019-01-02 03:04:05.447,94.0,-34.0
san francisco,"7d70a3d7-0a3d-4000-8000-0000000000f5",2019-01-02 03:04:05.455,-64.0,14.0
san francisco,"7d70a3d7-0a3d-4000-8000-0000000000f5",2019-01-02 03:04:05.494,-105.0,7.0
san francisco,"7df3b645-a1ca-4000-8000-0000000000f6",2019-01-02 03:04:05.469,176.0,-51.0
san francisco,"7e76c8b4-3958-4000-8000-0000000000f7",2019-01-02 03:04:05.539,86.0,46.0
san francisco,"7e76c8b4-3958-4000-8000-0000000000f7",2019-01-02 03:04:05.540,-70.0,-15.0
san francisco,"8083126e-978d-4000-8000-0000000000fb",2019-01-02 03:04:05.525,115.0,38.0
san francisco,"810624dd-2f1a-4000-8000-0000000000fc",2019-01-02 03:04:05.449,81.0,-63.0
san francisco,"810624dd-2f1a-4000-8000-0000000000fc",2019-01-02 03:04:05.471,156.0,10.0
san francisco,"820c49ba-5e35-4000-8000-0000000000fe",2019-01-02 03:04:05.448,3.0,-64.0
san francisco,"820c49ba-5e35-4000-8000-0000000000fe",2019-01-02 03:04:05.465,-96.0,88.0
san francisco,"820c49ba-5e35-4000-8000-0000000000fe",2019-01-02 03:04:05.470,-64.0,-75.0
san francisco,"820c49ba-5e35-4000-8000-0000000000fe",2019-01-02 03:04:05.476,99.0,9.0
san francisco,"820c49ba-5e35-4000-8000-0000000000fe",2019-01-02 03:04:05.536,-166.0,-47.0
san francisco,"820c49ba-5e35-4000-8000-0000000000fe",2019-01-02 03:04:05.549,88.0,24.0
san francisco,"828f5c28-f5c2-4000-8000-0000000000ff",2019-01-02 03:04:05.483,3.0,21.0
san francisco,"828f5c28-f5c2-4000-8000-0000000000ff",2019-01-02 03:04:05.501,142.0,55.0
san francisco,"83126e97-8d4f-4000-8000-000000000100",2019-01-02 03:04:05.472,35.0,-23.0
san francisco,"83126e97-8d4f-4000-8000-000000000100",2019-01-02 03:04:05.478,127.0,37.0
san francisco,"83126e97-8d4f-4000-8000-000000000100",2019-01-02 03:04:05.495,-72.0,12.0
san francisco,"83958106-24dd-4000-8000-000000000101",2019-01-02 03:04:05.463,5.0,71.0
san francisco,"84189374-bc6a-4000-8000-000000000102",2019-01-02 03:04:05.505,15.0,-72.0
san francisco,"84189374-bc6a-4000-8000-000000000102",2019-01-02 03:04:05.526,166.0,-55.0
san francisco,"849ba5e3-53f7-4000-8000-000000000103",2019-01-02 03:04:05.477,-135.0,-49.0
san francisco,"851eb851-eb85-4000-8000-000000000104",2019-01-02 03:04:05.515,-168.0,-76.0
san francisco,"851eb851-eb85-4000-8000-000000000104",2019-01-02 03:04:05.518,132.0,-2.0
san francisco,"851eb851-eb85-4000-8000-000000000104",2019-01-02 03:04:05.537,48.0,42.0
san francisco,"85a1cac0-8312-4000-8000-000000000105",2019-01-02 03:04:05.497,179.0,57.0
san francisco,"85a1cac0-8312-4000-8000-000000000105",2019-01-02 03:04:05.499,-27.0,17.0
san francisco,"85a1cac0-8312-4000-8000-000000000105",2019-01-02 03:04:05.534,-15.0,78.0
san francisco,"8624dd2f-1a9f-4000-8000-000000000106",2019-01-02 03:04:05.509,-148.0,-36.0
san francisco,"8624dd2f-1a9f-4000-8000-000000000106",2019-01-02 03:04:05.546,87.0,-63.0
san francisco,"86a7ef9d-b22d-4000-8000-000000000107",2019-01-02 03:04:05.464,93.0,-67.0
san francisco,"872b020c-49ba-4000-8000-000000000108",2019-01-02 03:04:05.451,21.0,37.0
san francisco,"872b020c-49ba-4000-8000-000000000108",2019-01-02 03:04:05.490,4.0,-15.0
san francisco,"872b020c-49ba-4000-8000-000000000108",2019-01-02 03:04:05.506,-29.0,11.0
san francisco,"87ae147a-e147-4000-8000-000000000109",2019-01-02 03:04:05.512,-96.0,74.0
san francisco,"883126e9-78d5-4000-8000-00000000010a",2019-01-02 03:04:05.454,7.0,19.0
san francisco,"883126e9-78d5-4000-8000-00000000010a",2019-01-02 03:04:05.492,-63.0,-11.0
san francisco,"883126e9-78d5-4000-8000-00000000010a",2019-01-02 03:04:05.503,108.0,-62.0
san francisco,"883126e9-78d5-4000-8000-00000000010a",2019-01-02 03:04:05.531,35.0,42.0
san francisco,"88b43958-1062-4000-8000-00000000010b",2019-01-02 03:04:05.461,17.0,22.0
san francisco,"88b43958-1062-4000-8000-00000000010b",2019-01-02 03:04:05.466,148.0,35.0
san francisco,"88b43958-1062-4000-8000-00000000010b",2019-01-02 03:04:05.475,136.0,22.0
san francisco,"88b43958-1062-4000-8000-00000000010b",2019-01-02 03:04:05.543,-36.0,-13.0
san francisco,"89374bc6-a7ef-4000-8000-00000000010c",2019-01-02 03:04:05.467,-178.0,48.0
san francisco,"89ba5e35-3f7c-4000-8000-00000000010d",2019-01-02 03:04:05.496,132.0,-3.0
san francisco,"8a3d70a3-d70a-4000-8000-00000000010e",2019-01-02 03:04:05.491,29.0,-58.0
san francisco,"8a3d70a3-d70a-4000-8000-00000000010e",2019-01-02 03:04:05.535,-102.0,54.0
san francisco,"8ac08312-6e97-4000-8000-00000000010f",2019-01-02 03:04:05.508,-80.0,-53.0
san francisco,"8b439581-0624-4000-8000-000000000110",2019-01-02 03:04:05.474,155.0,-46.0
san francisco,"8b439581-0624-4000-8000-000000000110",2019-01-02 03:04:05.500,89.0,-19.0
san francisco,"8bc6a7ef-9db2-4000-8000-000000000111",2019-01-02 03:04:05.493,27.0,-38.0
san francisco,"8bc6a7ef-9db2-4000-8000-000000000111",2019-01-02 03:04:05.552,60.0,-21.0
san francisco,"8c49ba5e-353f-4000-8000-000000000112",2019-01-02 03:04:05.456,-115.0,47.0
san francisco,"8c49ba5e-353f-4000-8000-000000000112",2019-01-02 03:04:05.480,-113.0,-5.0
san francisco,"8c49ba5e-353f-4000-8000-000000000112",2019-01-02 03:04:05.527,-29.0,55.0
san francisco,"8ccccccc-cccc-4000-8000-000000000113",2019-01-02 03:04:05.481,-108.0,34.0
san francisco,"8ccccccc-cccc-4000-8000-000000000113",2019-01-02 03:04:05.513,42.0,17.0
san francisco,"8ccccccc-cccc-4000-8000-000000000113",2019-01-02 03:04:05.530,141.0,20.0
san francisco,"8ccccccc-cccc-4000-8000-000000000113",2019-01-02 03:04:05.538,7.0,-38.0
san francisco,"8d4fdf3b-645a-4000-8000-000000000114",2019-01-02 03:04:05.488,44.0,-6.0
san francisco,"8d4fdf3b-645a-4000-8000-000000000114",2019-01-02 03:04:05.551,17.0,-12.0
seattle,"55810624-dd2f-4c00-8000-0000000000a7",2019-01-02 03:04:05.397,76.0,-18.0
seattle,"55810624-dd2f-4c00-8000-0000000000a7",2019-01-02 03:04:05.405,33.0,-61.0
seattle,"55810624-dd2f-4c00-8000-0000000000a7",2019-01-02 03:04:05.406,-168.0,24.0
seattle,"55810624-dd2f-4c00-8000-0000000000a7",2019-01-02 03:04:05.413,-16.0,86.0
seattle,"56872b02-0c49-4c00-8000-0000000000a9",2019-01-02 03:04:05.430,25.0,-72.0
seattle,"570a3d70-a3d7-4c00-8000-0000000000aa",2019-01-02 03:04:05.363,56.0,-16.0
seattle,"570a3d70-a3d7-4c00-8000-0000000000aa",2019-01-02 03:04:05.367,-177.0,-33.0
seattle,"570a3d70-a3d7-4c00-8000-0000000000aa",2019-01-02 03:04:05.376,-109.0,-87.0
seattle,"570a3d70-a3d7-4c00-8000-0000000000aa",2019-01-02 03:04:05.396,-160.0,42.0
seattle,"570a3d70-a3d7-4c00-8000-0000000000aa",2019-01-02 03:04:05.415,-30.0,-51.0
seattle,"570a3d70-a3d7-4c00-8000-0000000000aa",2019-01-02 03:04:05.418,-14.0,41.0
seattle,"5810624d-d2f1-4800-8000-0000000000ac",2019-01-02 03:04:05.343,49.0,18.0
seattle,"589374bc-6a7e-4800-8000-0000000000ad",2019-01-02 03:04:05.382,-2.0,62.0
seattle,"589374bc-6a7e-4800-8000-0000000000ad",2019-01-02 03:04:05.404,34.0,2.0
seattle,"5916872b-020c-4800-8000-0000000000ae",2019-01-02 03:04:05.399,-122.0,-87.0
seattle,"59999999-9999-4800-8000-0000000000af",2019-01-02 03:04:05.380,-126.0,-25.0
seattle,"59999999-9999-4800-8000-0000000000af",2019-01-02 03:04:05.433,146.0,-88.0
seattle,"59999999-9999-4800-8000-0000000000af",2019-01-02 03:04:05.436,58.0,-60.0
seattle,"5a9fbe76-c8b4-4800-8000-0000000000b1",2019-01-02 03:04:05.423,45.0,-59.0
seattle,"5b22d0e5-6041-4800-8000-0000000000b2",2019-01-02 03:04:05.352,-82.0,21.0
seattle,"5b22d0e5-6041-4800-8000-0000000000b2",2019-01-02 03:04:05.364,-49.0,-51.0
seattle,"5b22d0e5-6041-4800-8000-0000000000b2",2019-01-02 03:04:05.400,57.0,-68.0
seattle,"5b22d0e5-6041-4800-8000-0000000000b2",2019-01-02 03:04:05.411,170.0,-12.0
seattle,"5ba5e353-f7ce-4800-8000-0000000000b3",2019-01-02 03:04:05.387,76.0,-11.0
seattle,"5ba5e353-f7ce-4800-8000-0000000000b3",2019-01-02 03:04:05.439,60.0,38.0
seattle,"5c28f5c2-8f5c-4800-8000-0000000000b4",2019-01-02 03:04:05.395,79.0,35.0
seattle,"5c28f5c2-8f5c-4800-8000-0000000000b4",2019-01-02 03:04:05.429,147.0,-86.0
seattle,"5cac0831-26e9-4800-8000-0000000000b5",2019-01-02 03:04:05.381,-144.0,-59.0
seattle,"5d2f1a9f-be76-4800-8000-0000000000b6",2019-01-02 03:04:05.412,-62.0,53.0
seattle,"5d2f1a9f-be76-4800-8000-0000000000b6",2019-01-02 03:04:05.441,-6.0,-66.0
seattle,"5e353f7c-ed91-4800-8000-0000000000b8",2019-01-02 03:04:05.377,-145.0,33.0
seattle,"5e353f7c-ed91-4800-8000-0000000000b8",2019-01-02 03:04:05.392,143.0,81.0
seattle,"5f3b645a-1cac-4800-8000-0000000000ba",2019-01-02 03:04:05.360,72.0,-3.0
seattle,"5f3b645a-1cac-4800-8000-0000000000ba",2019-01-02 03:04:05.378,-171.0,-85.0
seattle,"5fbe76c8-b439-4800-8000-0000000000bb",2019-01-02 03:04:05.338,-150.0,-15.0
seattle,"60418937-4bc6-4800-8000-0000000000bc",2019-01-02 03:04:05.353,40.0,-20.0
seattle,"60418937-4bc6-4800-8000-0000000000bc",2019-01-02 03:04:05.407,-178.0,0.0
seattle,"60418937-4bc6-4800-8000-0000000000bc",2019-01-02 03:04:05.426,22.0,12.0
seattle,"60418937-4bc6-4800-8000-0000000000bc",2019-01-02 03:04:05.428,159.0,-37.0
seattle,"60c49ba5-e353-4800-8000-0000000000bd",2019-01-02 03:04:05.345,-102.0,27.0
seattle,"60c49ba5-e353-4800-8000-0000000000bd",2019-01-02 03:04:05.358,106.0,70.0
seattle,"6147ae14-7ae1-4800-8000-0000000000be",2019-01-02 03:04:05.337,-9.0,-77.0
seattle,"6147ae14-7ae1-4800-8000-0000000000be",2019-01-02 03:04:05.432,164.0,-9.0
seattle,"6147ae14-7ae1-4800-8000-0000000000be",2019-01-02 03:04:05.435,128.0,34.0
seattle,"61cac083-126e-4800-8000-0000000000bf",2019-01-02 03:04:05.388,154.0,-35.0
seattle,"624dd2f1-a9fb-4800-8000-0000000000c0",2019-01-02 03:04:05.389,95.0,-32.0
seattle,"624dd2f1-a9fb-4800-8000-0000000000c0",2019-01-02 03:04:05.419,89.0,49.0
seattle,"624dd2f1-a9fb-4800-8000-0000000000c0",2019-01-02 03:04:05.427,-74.0,-24.0
seattle,"624dd2f1-a9fb-4800-8000-0000000000c0",2019-01-02 03:04:05.434,-75.0,4.0
seattle,"62d0e560-4189-4800-8000-0000000000c1",2019-01-02 03:04:05.359,-37.0,-61.0
seattle,"62d0e560-4189-4800-8000-0000000000c1",2019-01-02 03:04:05.372,37.0,-4.0
seattle,"62d0e560-4189-4800-8000-0000000000c1",2019-01-02 03:04:05.408,-77.0,78.0
seattle,"6353f7ce-d916-4800-8000-0000000000c2",2019-01-02 03:04:05.374,-34.0,-26.0
seattle,"6353f7ce-d916-4800-8000-0000000000c2",2019-01-02 03:04:05.393,99.0,67.0
seattle,"63d70a3d-70a3-4800-8000-0000000000c3",2019-01-02 03:04:05.414,-128.0,-46.0
seattle,"645a1cac-0831-4800-8000-0000000000c4",2019-01-02 03:04:05.384,-146.0,-1.0
seattle,"64dd2f1a-9fbe-4800-8000-0000000000c5",2019-01-02 03:04:05.341,-149.0,5.0
seattle,"64dd2f1a-9fbe-4800-8000-0000000000c5",2019-01-02 03:04:05.344,7.0,89.0
seattle,"64dd2f1a-9fbe-4800-8000-0000000000c5",2019-01-02 03:04:05.390,-30.0,84.0
seattle,"64dd2f1a-9fbe-4800-8000-0000000000c5",2019-01-02 03:04:05.398,-5.0,-43.0
seattle,"65604189-374b-4800-8000-0000000000c6",2019-01-02 03:04:05.336,-9.0,49.0
seattle,"65604189-374b-4800-8000-0000000000c6",2019-01-02 03:04:05.366,75.0,-8.0
seattle,"65604189-374b-4800-8000-0000000000c6",2019-01-02 03:04:05.368,74.0,-77.0
seattle,"65e353f7-ced9-4800-8000-0000000000c7",2019-01-02 03:04:05.340,20.0,-54.0
seattle,"66666666-6666-4800-8000-0000000000c8",2019-01-02 03:04:05.357,82.0,-76.0
seattle,"66666666-6666-4800-8000-0000000000c8",2019-01-02 03:04:05.424,-83.0,83.0
seattle,"66e978d4-fdf3-4800-8000-0000000000c9",2019-01-02 03:04:05.438,154.0,-39.0
seattle,"676c8b43-9581-4800-8000-0000000000ca",2019-01-02 03:04:05.365,152.0,-13.0
seattle,"67ef9db2-2d0e-4800-8000-0000000000cb",2019-01-02 03:04:05.437,-78.0,67.0
seattle,"67ef9db2-2d0e-4800-8000-0000000000cb",2019-01-02 03:04:05.440,60.0,41.0
seattle,"6872b020-c49b-4400-8000-0000000000cc",2019-01-02 03:04:05.371,-157.0,-13.0
seattle,"6872b020-c49b-4400-8000-0000000000cc",2019-01-02 03:04:05.385,130.0,-40.0
seattle,"6872b020-c49b-4400-8000-0000000000cc",2019-01-02 03:04:05.416,-177.0,47.0
seattle,"6872b020-c49b-4400-8000-0000000000cc",2019-01-02 03:04:05.420,-76.0,60.0
seattle,"6872b020-c49b-4400-8000-0000000000cc",2019-01-02 03:04:05.431,-178.0,49.0
seattle,"68f5c28f-5c28-4400-8000-0000000000cd",2019-01-02 03:04:05.339,163.0,-76.0
seattle,"68f5c28f-5c28-4400-8000-0000000000cd",2019-01-02 03:04:05.361,164.0,-20.0
seattle,"68f5c28f-5c28-4400-8000-0000000000cd",2019-01-02 03:04:05.383,-112.0,64.0
seattle,"68f5c28f-5c28-4400-8000-0000000000cd",2019-01-02 03:04:05.444,-152.0,42.0
seattle,"6978d4fd-f3b6-4400-8000-0000000000ce",2019-01-02 03:04:05.402,-49.0,-25.0
seattle,"69fbe76c-8b43-4400-8000-0000000000cf",2019-01-02 03:04:05.350,54.0,42.0
seattle,"69fbe76c-8b43-4400-8000-0000000000cf",2019-01-02 03:04:05.369,-151.0,37.0
seattle,"69fbe76c-8b43-4400-8000-0000000000cf",2019-01-02 03:04:05.373,106.0,-85.0
seattle,"6a7ef9db-22d0-4400-8000-0000000000d0",2019-01-02 03:04:05.346,128.0,-31.0
seattle,"6b020c49-ba5e-4400-8000-0000000000d1",2019-01-02 03:04:05.334,-77.0,21.0
seattle,"6b020c49-ba5e-4400-8000-0000000000d1",2019-01-02 03:04:05.422,29.0,75.0
seattle,"6b851eb8-51eb-4400-8000-0000000000d2",2019-01-02 03:04:05.386,24.0,-21.0
seattle,"6b851eb8-51eb-4400-8000-0000000000d2",2019-01-02 03:04:05.403,93.0,89.0
seattle,"6c083126-e978-4400-8000-0000000000d3",2019-01-02 03:04:05.354,-152.0,44.0
seattle,"6c083126-e978-4400-8000-0000000000d3",2019-01-02 03:04:05.356,-30.0,82.0
seattle,"6c083126-e978-4400-8000-0000000000d3",2019-01-02 03:04:05.409,133.0,-71.0
seattle,"6c083126-e978-4400-8000-0000000000d3",2019-01-02 03:04:05.417,23.0,-88.0
seattle,"6d0e5604-1893-4400-8000-0000000000d5",2019-01-02 03:04:05.335,21.0,-49.0
seattle,"6d0e5604-1893-4400-8000-0000000000d5",2019-01-02 03:04:05.425,33.0,-86.0
seattle,"6d0e5604-1893-4400-8000-0000000000d5",2019-01-02 03:04:05.442,-12.0,-74.0
seattle,"6e147ae1-47ae-4400-8000-0000000000d7",2019-01-02 03:04:05.421,86.0,88.0
seattle,"6e978d4f-df3b-4400-8000-0000000000d8",2019-01-02 03:04:05.347,60.0,-11.0
seattle,"6e978d4f-df3b-4400-8000-0000000000d8",2019-01-02 03:04:05.355,-40.0,58.0
seattle,"6f1a9fbe-76c8-4400-8000-0000000000d9",2019-01-02 03:04:05.370,-106.0,-10.0
seattle,"6f1a9fbe-76c8-4400-8000-0000000000d9",2019-01-02 03:04:05.410,127.0,14.0
seattle,"6f1a9fbe-76c8-4400-8000-0000000000d9",2019-01-02 03:04:05.443,-28.0,1.0
seattle,"6f9db22d-0e56-4400-8000-0000000000da",2019-01-02 03:04:05.342,-7.0,70.0
seattle,"6f9db22d-0e56-4400-8000-0000000000da",2019-01-02 03:04:05.391,-77.0,-57.0
seattle,"6f9db22d-0e56-4400-8000-0000000000da",2019-01-02 03:04:05.394,-67.0,73.0
seattle,"7020c49b-a5e3-4400-8000-0000000000db",2019-01-02 03:04:05.351,-84.0,-26.0
seattle,"70a3d70a-3d70-4400-8000-0000000000dc",2019-01-02 03:04:05.375,-30.0,40.0
seattle,"7126e978-d4fd-4400-8000-0000000000dd",2019-01-02 03:04:05.379,61.0,47.0
seattle,"7126e978-d4fd-4400-8000-0000000000dd",2019-01-02 03:04:05.401,173.0,-7.0
seattle,"71a9fbe7-6c8b-4400-8000-0000000000de",2019-01-02 03:04:05.348,23.0,-90.0
seattle,"71a9fbe7-6c8b-4400-8000-0000000000de",2019-01-02 03:04:05.349,-35.0,-14.0
seattle,"71a9fbe7-6c8b-4400-8000-0000000000de",2019-01-02 03:04:05.362,-14.0,-14.0
washington dc,"39581062-4dd2-4200-8000-000000000070",2019-01-02 03:04:05.237,29.0,-84.0
washington dc,"39581062-4dd2-4200-8000-000000000070",2019-01-02 03:04:05.252,120.0,-20.0
washington dc,"39581062-4dd2-4200-8000-000000000070",2019-01-02 03:04:05.324,152.0,86.0
washington dc,"39db22d0-e560-4200-8000-000000000071",2019-01-02 03:04:05.266,109.0,46.0
washington dc,"39db22d0-e560-4200-8000-000000000071",2019-01-02 03:04:05.283,-63.0,-46.0
washington dc,"39db22d0-e560-4200-8000-000000000071",2019-01-02 03:04:05.323,-59.0,54.0
washington dc,"3a5e353f-7ced-4200-8000-000000000072",2019-01-02 03:04:05.233,41.0,-1.0
washington dc,"3ae147ae-147a-4200-8000-000000000073",2019-01-02 03:04:05.224,-28.0,22.0
washington dc,"3ae147ae-147a-4200-8000-000000000073",2019-01-02 03:04:05.269,-129.0,28.0
washington dc,"3ae147ae-147a-4200-8000-000000000073",2019-01-02 03:04:05.305,137.0,-42.0
washington dc,"3b645a1c-ac08-4200-8000-000000000074",2019-01-02 03:04:05.244,2.0,89.0
washington dc,"3be76c8b-4395-4200-8000-000000000075",2019-01-02 03:04:05.267,48.0,66.0
washington dc,"3be76c8b-4395-4200-8000-000000000075",2019-01-02 03:04:05.268,70.0,-42.0
washington dc,"3be76c8b-4395-4200-8000-000000000075",2019-01-02 03:04:05.282,68.0,65.0
washington dc,"3be76c8b-4395-4200-8000-000000000075",2019-01-02 03:04:05.290,-118.0,-3.0
washington dc,"3be76c8b-4395-4200-8000-000000000075",2019-01-02 03:04:05.315,-22.0,-57.0
washington dc,"3c6a7ef9-db22-4000-8000-000000000076",2019-01-02 03:04:05.254,91.0,20.0
washington dc,"3ced9168-72b0-4000-8000-000000000077",2019-01-02 03:04:05.262,-170.0,56.0
washington dc,"3ced9168-72b0-4000-8000-000000000077",2019-01-02 03:04:05.272,-125.0,-40.0
washington dc,"3d70a3d7-0a3d-4000-8000-000000000078",2019-01-02 03:04:05.289,-39.0,37.0
washington dc,"3d70a3d7-0a3d-4000-8000-000000000078",2019-01-02 03:04:05.318,33.0,23.0
washington dc,"3d70a3d7-0a3d-4000-8000-000000000078",2019-01-02 03:04:05.332,165.0,85.0
washington dc,"3df3b645-a1ca-4000-8000-000000000079",2019-01-02 03:04:05.303,170.0,37.0
washington dc,"3df3b645-a1ca-4000-8000-000000000079",2019-01-02 03:04:05.321,171.0,-83.0
washington dc,"3e76c8b4-3958-4000-8000-00000000007a",2019-01-02 03:04:05.273,46.0,42.0
washington dc,"3ef9db22-d0e5-4000-8000-00000000007b",2019-01-02 03:04:05.247,-80.0,-33.0
washington dc,"3ef9db22-d0e5-4000-8000-00000000007b",2019-01-02 03:04:05.281,-160.0,2.0
washington dc,"3f7ced91-6872-4000-8000-00000000007c",2019-01-02 03:04:05.235,-145.0,20.0
washington dc,"3f7ced91-6872-4000-8000-00000000007c",2019-01-02 03:04:05.250,-46.0,-54.0
washington dc,"40000000-0000-4000-8000-00000000007d",2019-01-02 03:04:05.277,95.0,-9.0
washington dc,"4083126e-978d-4000-8000-00000000007e",2019-01-02 03:04:05.294,-21.0,33.0
washington dc,"4083126e-978d-4000-8000-00000000007e",2019-01-02 03:04:05.307,-8.0,36.0
washington dc,"410624dd-2f1a-4000-8000-00000000007f",2019-01-02 03:04:05.276,-13.0,45.0
washington dc,"410624dd-2f1a-4000-8000-00000000007f",2019-01-02 03:04:05.309,-117.0,32.0
washington dc,"4189374b-c6a7-4000-8000-000000000080",2019-01-02 03:04:05.280,-132.0,-71.0
washington dc,"420c49ba-5e35-4000-8000-000000000081",2019-01-02 03:04:05.248,47.0,57.0
washington dc,"420c49ba-5e35-4000-8000-000000000081",2019-01-02 03:04:05.300,-35.0,0.0
washington dc,"420c49ba-5e35-4000-8000-000000000081",2019-01-02 03:04:05.328,68.0,49.0
washington dc,"428f5c28-f5c2-4000-8000-000000000082",2019-01-02 03:04:05.236,167.0,39.0
washington dc,"428f5c28-f5c2-4000-8000-000000000082",2019-01-02 03:04:05.246,9.0,-60.0
washington dc,"428f5c28-f5c2-4000-8000-000000000082",2019-01-02 03:04:05.271,-88.0,-72.0
washington dc,"428f5c28-f5c2-4000-8000-000000000082",2019-01-02 03:04:05.286,-32.0,-16.0
washington dc,"428f5c28-f5c2-4000-8000-000000000082",2019-01-02 03:04:05.288,-16.0,54.0
washington dc,"428f5c28-f5c2-4000-8000-000000000082",2019-01-02 03:04:05.310,24.0,-25.0
washington dc,"43126e97-8d4f-4000-8000-000000000083",2019-01-02 03:04:05.298,-170.0,-75.0
washington dc,"43126e97-8d4f-4000-8000-000000000083",2019-01-02 03:04:05.317,4.0,-78.0
washington dc,"43958106-24dd-4000-8000-000000000084",2019-01-02 03:04:05.314,64.0,44.0
washington dc,"44189374-bc6a-4000-8000-000000000085",2019-01-02 03:04:05.295,-130.0,-70.0
washington dc,"449ba5e3-53f7-4000-8000-000000000086",2019-01-02 03:04:05.264,-160.0,73.0
washington dc,"449ba5e3-53f7-4000-8000-000000000086",2019-01-02 03:04:05.319,-3.0,56.0
washington dc,"449ba5e3-53f7-4000-8000-000000000086",2019-01-02 03:04:05.322,-168.0,-59.0
washington dc,"451eb851-eb85-4000-8000-000000000087",2019-01-02 03:04:05.325,173.0,-83.0
washington dc,"45a1cac0-8312-4000-8000-000000000088",2019-01-02 03:04:05.258,69.0,-9.0
washington dc,"45a1cac0-8312-4000-8000-000000000088",2019-01-02 03:04:05.293,-95.0,-44.0
washington dc,"45a1cac0-8312-4000-8000-000000000088",2019-01-02 03:04:05.329,2.0,-79.0
washington dc,"4624dd2f-1a9f-4000-8000-000000000089",2019-01-02 03:04:05.240,-28.0,73.0
washington dc,"4624dd2f-1a9f-4000-8000-000000000089",2019-01-02 03:04:05.242,127.0,10.0
washington dc,"46a7ef9d-b22d-4000-8000-00000000008a",2019-01-02 03:04:05.243,153.0,5.0
washington dc,"46a7ef9d-b22d-4000-8000-00000000008a",2019-01-02 03:04:05.249,-46.0,-24.0
washington dc,"46a7ef9d-b22d-4000-8000-00000000008a",2019-01-02 03:04:05.260,-20.0,-30.0
washington dc,"46a7ef9d-b22d-4000-8000-00000000008a",2019-01-02 03:04:05.330,-16.0,-41.0
washington dc,"46a7ef9d-b22d-4000-8000-00000000008a",2019-01-02 03:04:05.331,155.0,62.0
washington dc,"472b020c-49ba-4000-8000-00000000008b",2019-01-02 03:04:05.228,45.0,-39.0
washington dc,"47ae147a-e147-4000-8000-00000000008c",2019-01-02 03:04:05.232,-45.0,-48.0
washington dc,"47ae147a-e147-4000-8000-00000000008c",2019-01-02 03:04:05.241,-159.0,-51.0
washington dc,"47ae147a-e147-4000-8000-00000000008c",2019-01-02 03:04:05.279,65.0,46.0
washington dc,"483126e9-78d4-4c00-8000-00000000008d",2019-01-02 03:04:05.227,-12.0,-16.0
washington dc,"483126e9-78d4-4c00-8000-00000000008d",2019-01-02 03:04:05.238,-96.0,53.0
washington dc,"48b43958-1062-4c00-8000-00000000008e",2019-01-02 03:04:05.313,19.0,-61.0
washington dc,"48b43958-1062-4c00-8000-00000000008e",2019-01-02 03:04:05.333,156.0,-38.0
washington dc,"49374bc6-a7ef-4c00-8000-00000000008f",2019-01-02 03:04:05.259,102.0,17.0
washington dc,"49374bc6-a7ef-4c00-8000-00000000008f",2019-01-02 03:04:05.278,29.0,-79.0
washington dc,"49ba5e35-3f7c-4c00-8000-000000000090",2019-01-02 03:04:05.292,150.0,18.0
washington dc,"49ba5e35-3f7c-4c00-8000-000000000090",2019-01-02 03:04:05.302,158.0,-81.0
washington dc,"49ba5e35-3f7c-4c00-8000-000000000090",2019-01-02 03:04:05.312,-163.0,-58.0
washington dc,"4a3d70a3-d70a-4c00-8000-000000000091",2019-01-02 03:04:05.225,27.0,63.0
washington dc,"4a3d70a3-d70a-4c00-8000-000000000091",2019-01-02 03:04:05.263,135.0,-14.0
washington dc,"4a3d70a3-d70a-4c00-8000-000000000091",2019-01-02 03:04:05.284,6.0,66.0
washington dc,"4ac08312-6e97-4c00-8000-000000000092",2019-01-02 03:04:05.299,-109.0,-9.0
washington dc,"4b439581-0624-4c00-8000-000000000093",2019-01-02 03:04:05.223,34.0,-6.0
washington dc,"4b439581-0624-4c00-8000-000000000093",2019-01-02 03:04:05.257,-108.0,-85.0
washington dc,"4bc6a7ef-9db2-4c00-8000-000000000094",2019-01-02 03:04:05.229,10.0,89.0
washington dc,"4bc6a7ef-9db2-4c00-8000-000000000094",2019-01-02 03:04:05.234,-117.0,83.0
washington dc,"4bc6a7ef-9db2-4c00-8000-000000000094",2019-01-02 03:04:05.255,-166.0,-10.0
washington dc,"4bc6a7ef-9db2-4c00-8000-000000000094",2019-01-02 03:04:05.261,151.0,-51.0
washington dc,"4bc6a7ef-9db2-4c00-8000-000000000094",2019-01-02 03:04:05.265,-35.0,46.0
washington dc,"4c49ba5e-353f-4c00-8000-000000000095",2019-01-02 03:04:05.316,36.0,83.0
washington dc,"4ccccccc-cccc-4c00-8000-000000000096",2019-01-02 03:04:05.275,-141.0,3.0
washington dc,"4ccccccc-cccc-4c00-8000-000000000096",2019-01-02 03:04:05.296,69.0,18.0
washington dc,"4d4fdf3b-645a-4c00-8000-000000000097",2019-01-02 03:04:05.301,-2.0,-90.0
washington dc,"4dd2f1a9-fbe7-4c00-8000-000000000098",2019-01-02 03:04:05.226,9.0,-49.0
washington dc,"4dd2f1a9-fbe7-4c00-8000-000000000098",2019-01-02 03:04:05.270,-107.0,-1.0
washington dc,"4e560418-9374-4c00-8000-000000000099",2019-01-02 03:04:05.287,-157.0,-63.0
washington dc,"4e560418-9374-4c00-8000-000000000099",2019-01-02 03:04:05.320,-50.0,49.0
washington dc,"4ed91687-2b02-4c00-8000-00000000009a",2019-01-02 03:04:05.251,37.0,73.0
washington dc,"4ed91687-2b02-4c00-8000-00000000009a",2019-01-02 03:04:05.297,71.0,-16.0
washington dc,"4ed91687-2b02-4c00-8000-00000000009a",2019-01-02 03:04:05.306,144.0,-65.0
washington dc,"4fdf3b64-5a1c-4c00-8000-00000000009c",2019-01-02 03:04:05.230,-180.0,68.0
washington dc,"4fdf3b64-5a1c-4c00-8000-00000000009c",2019-01-02 03:04:05.256,-26.0,-55.0
washington dc,"4fdf3b64-5a1c-4c00-8000-00000000009c",2019-01-02 03:04:05.285,142.0,35.0
washington dc,"4fdf3b64-5a1c-4c00-8000-00000000009c",2019-01-02 03:04:05.291,-162.0,-73.0
washington dc,"50e56041-8937-4c00-8000-00000000009e",2019-01-02 03:04:05.231,47.0,60.0
washington dc,"516872b0-20c4-4c00-8000-00000000009f",2019-01-02 03:04:05.274,-71.0,44.0
washington dc,"516872b0-20c4-4c00-8000-00000000009f",2019-01-02 03:04:05.304,142.0,29.0
washington dc,"51eb851e-b851-4c00-8000-0000000000a0",2019-01-02 03:04:05.311,154.0,8.0
washington dc,"526e978d-4fdf-4c00-8000-0000000000a1",2019-01-02 03:04:05.239,-138.0,80.0
washington dc,"5374bc6a-7ef9-4c00-8000-0000000000a3",2019-01-02 03:04:05.245,-131.0,25.0
washington dc,"5374bc6a-7ef9-4c00-8000-0000000000a3",2019-01-02 03:04:05.308,74.0,-37.0
washington dc,"53f7ced9-1687-4c00-8000-0000000000a4",2019-01-02 03:04:05.327,-177.0,-83.0
washington dc,"547ae147-ae14-4c00-8000-0000000000a5",2019-01-02 03:04:05.326,61.0,41.0
washington dc,"54fdf3b6-45a1-4c00-8000-0000000000a6",2019-01-02 03:04:05.253,-134.0,72.0
